ProductID,ProductCode,Description,Category,Subcategory,Brand
2,ZUR-9616,"COCO Surprise Squishies S1,6pcs PDQ",Plush & Soft Toys,Non Battery,COCO SURPRISE
3,ZUR-9601-H,COCO Surprise Cones Classics-Silvy PDQ (12 PCS),Plush & Soft Toys,Non Battery,COCO SURPRISE
4,ZUR-9601-G,COCO Surprise Cones Classics-Fizzy PDQ (12 PCS),Plush & Soft Toys,Non Battery,COCO SURPRISE
5,ZUR-9601-E,COCO Surprise Cones Classics-Mitty PDQ (12 PCS),Plush & Soft Toys,Non Battery,COCO SURPRISE
6,ZUR-9601-D,COCO Surprise Cones Classics-Poncho PDQ (12 PCS),Plush & Soft Toys,Non Battery,COCO SURPRISE
7,ZUR-9601-B,COCO Surprise Cones Classics-Bon-Bon PDQ (12 PCS),Plush & Soft Toys,Non Battery,COCO SURPRISE
8,ZUR-9601-A,COCO Surprise Cones Classics-Spritz PDQ (12 PCS),Plush & Soft Toys,Non Battery,COCO SURPRISE
9,ZUR-9262,Rainbocorns Big Surprise Unicorn Rescue Big Size,Surprise,Egg,Rainbocorns
10,ZUR-9261,Zuru Rainbocornspuppycorn Rescue Magic Peel Reveal Hearts Over 12 Surprises S5,Surprise,Egg,Rainbocorns
11,ZUR-9259,Zuru Rainbocorns KitTYcorn Magic Glowing 10 Surprises  S1 -CDU6PCS,Surprise,Egg,Rainbocorns
12,ZUR-9258,Zuru Rainbocorns Eggzania Surprise Mania Over 20 Surprises,Surprise,Egg,Rainbocorns
13,ZUR-9244,Zuru Rainbocorns Epic Golden Egg Over 25 Golden Surprises 3Asst,Surprise,Egg,Rainbocorns
14,ZUR-7488,Zuru Smasher Dino Island Giant Skull S1 Over 30 Surprises,Surprise,Egg,Smashers
15,ZUR-7487,Zuru Smasher Smashers Dino Island Mega Dino Egg Over 25 Surprisses,Surprise,Egg,Smashers
16,ZUR-7486,Zuru Smasher Mini Egg Dino S5 Over 10 Surprises Cdu6Pcs,Surprise,Egg,Smashers
17,ZUR-7474,Smasher Epic Egg Mega Light-Up Dino,Surprise,Egg,Smashers
18,ZUR-11701-S1,Zuru Vlad & Niki-Superhero Surprise Egg-Series 1,Surprise,Egg,Vlad & Niki
20,ZT-NT10T4,NEON COMBO SKATES (SIZE 3-6) - NT10?TEAL PINK ),Out Door & Garden,Skate Roller,Neon
21,ZT-NT10G4,NEON COMBO SKATES (SIZE 3-6) - NT10?GREEN ),Out Door & Garden,Skate Roller,Neon
22,ZT-NT08T4,NEON INLINE SKATES (SIZE 3-6) - NT08 (TEAL PINK),Out Door & Garden,Skate Roller,Neon
23,ZT-NT08P4,NEON INLINE SKATES (SIZE 3-6) - NT08 (PINK),Out Door & Garden,Skate Roller,Neon
24,ZT-NT05P2,NEON VECTOR 2020-NT05 (PINK),Out Door & Garden,Scooter,Neon
25,ZT-NT05G2,NEON VECTOR 2020-NT05 (GREEN),Out Door & Garden,Scooter,Neon
26,ZT-NS28P4,NEON EXO-NS28 (PINK),Out Door & Garden,Scooter,Neon
27,ZT-LUEEAA-6T,Loopdedoo Friendship Bracelet Kit,Education & Learning,Art & Craft,Loopdedoo
28,ZT-F3891,Hasbro Water gun HYDRO FRENZY,Season,Summer,Nerf
29,ZT-F3889,Hasbro Water gun TORRENT,Season,Summer,Nerf
30,ZT-F3725-2,Hasbro Pj Masks HERO CAR AND MASK SET AST 3 color,Action Figure,Accessories,PJ Masks
31,ZT-F3657,Hasbro Peppa Pig Peppas Grandparents House,Action Figure,Figures,Peppa Pig
32,ZT-F3655-2,Hasbro Peppa Pig Peppa & George,Action Figure,Figures,Peppa Pig
33,ZT-F3655-1,Hasbro Peppa Hasbro Pep Peppa Pig Two Figure,Action Figure,Figures,Peppa Pig
34,ZT-F3634-2,Hasbro PEP PEPPAS EVERYDAY EXPERIENCES AST,Role Play,Pets,Peppa Pig
35,ZT-F3506-2,Hasbro FurReal Newborns Gray Kitten Interactive KitTY.,Plush & Soft Toys,B-O,Furreal
36,ZT-F3506-1,Hasbro FurReal Newborns Puppy Interactive.,Plush & Soft Toys,B-O,Furreal
37,ZT-F3050-3,Hasbro Pj Masks EPIC PJ FRIENDS AST,Action Figure,Figures,PJ Masks
38,ZT-F3050-2,Hasbro Pj Masks EPIC PJ FRIENDS AST,Action Figure,Figures,PJ Masks
39,ZT-F3050-1,Hasbro Pj Masks EPIC PJ FRIENDS AST,Action Figure,Figures,PJ Masks
40,ZT-F2649-4,Hasbro Pj Masks Owlette vs Romeo Battle,Action Figure,Set,PJ Masks
41,ZT-F2649-3,Hasbro Pj Masks Catboy vs Luna Gir,Action Figure,Set,PJ Masks
42,ZT-F2513-3,Hasbro Peppa Pig Peppa''s Adventures Tea Time with Peppa Playset,Action Figure,Set,Peppa Pig
43,ZT-F2513-2,Hasbro Peppa Pig Adventures Bedtime with Peppa Accessory Set,Action Figure,Set,Peppa Pig
44,ZT-F2513-1,Hasbro Peppa Pig George''s Adventures Bathtime Accessory Set,Action Figure,Set,Peppa Pig
45,ZT-F2490-1,Hasbro Nerf ROBLOX MS AST,Guns,Gun,Nerf
46,ZT-F2475,Hasbro Nerf RAPTOR SLASH,Guns,Gun,Nerf
47,ZT-F2168-2,Hasbro Peppa Pig Peppa''s Adventures Peppa Visits the Vet Fun Playset,Action Figure,Set,Peppa Pig
48,ZT-F2168-1,Hasbro Peppa Pig Peppa''s Adventures Ice Cream Shop Playset with Accessories,Action Figure,Set,Peppa Pig
49,ZT-F2102-2,PJM MECH SUIT AST,Action Figure,Figures,PJ Masks
50,ZT-F2102-1,PJM MECH SUIT AST,Action Figure,Figures,PJ Masks
51,ZT-F2098,Hasbro PJ Masks Catboy 2-in-1 Playset ~ Headquarters and Rocket,Action Figure,Set,PJ Masks
52,ZT-F1971,FUR REAL  GOGO MY DANCIN PUP,Plush & Soft Toys,B-O,Furreal
53,ZT-F1469-2,Hasbro Marvel Spidey and His Amazing Friends Black Panther and Ghost Spider Hero Reveal 2PK,Action Figure,Figures,Spidey & His Amazing Friends
54,ZT-F1469-1,Hasbro Marvel Spidey and His Amazing Friends Trace-E and Spidey Hero Reveal 2PK,Action Figure,Set,Spidey & His Amazing Friends
55,ZT-F0805,Hasbro Nefr STEGOSMASH,Guns,Gun,Nerf
70,ZT-DP207290-1,Avenir Stamp & Match,Education & Learning,Art & Craft,Avenir
72,ZT-DP207170-1,AvenirTattoo sticker,Education & Learning,Art & Craft,Avenir
76,ZT-DP197119-1,Avenir Nail stickers,Education & Learning,Art & Craft,Avenir
78,ZT-DP197102-1,Avenir Metallic Paint Sticks - 6 Pcs,Education & Learning,Art & Craft,Avenir
79,ZT-DP197101-1,Avenir Sticker Pocket,Education & Learning,Art & Craft,Avenir
81,ZT-CT1761-6T,Craft-tastic I Love Unicorns,Education & Learning,Art & Craft,Craft-Tastic
82,ZT-CH211734,Scartch Flower Bouquet,Education & Learning,Art & Craft,Avenir
83,ZT-CH211732,Scartch Butterfly Bouquet,Education & Learning,Art & Craft,Avenir
84,ZT-CH201768,Avenir Diamond Art assorted Carton Display 10*1 items-Princess Masks,Education & Learning,Art & Craft,Avenir
85,ZT-CH201767,Avenir Diamond Art assorted Carton Display 10*1 items-Cat Masks,Education & Learning,Art & Craft,Avenir
109,ZT-75600,Rastar 1:14 ferrari 488 GTB,Vehicle - Parking & Robots,Car,Ferrari
110,ZT-74100,Rastar R/C 1:14 Mercedes-Benz GT3,Vehicle - Parking & Robots,Car,Mercedes
111,ZT-72500,Rastar Mini coper countryman 1:14,Vehicle - Parking & Robots,Car,Mini coper
112,ZT-70900,RastarR/C 1:14 BMW M4,Vehicle - Parking & Robots,Car,BMW
120,ZT-4761,4M Little Craft Kits Mini Plate Painting Kit,Education & Learning,Art & Craft,4M
121,ZT-47600,Rastar R/C 1:14 Mercedes-Benz SLS AMG,Vehicle - Parking & Robots,Car,Mercedes
122,ZT-4753,4M- Mould & Paint Zoo Animal,Education & Learning,Art & Craft,4M
123,ZT-4744,4M Kidzmaker My Lovely Unicorn Pillow,Education & Learning,Art & Craft,4M
124,ZT-4740,4M Unicorns Mini Tile Art,Education & Learning,Art & Craft,4M
125,ZT-4736,4M Mould & Paint Flamingo,Education & Learning,Art & Craft,4M
126,ZT-4735,4M Thinking Kits/Unicorn Window Paints,Education & Learning,Art & Craft,4M
127,ZT-4667,4M- Glow Embroidery,Education & Learning,Science,4M
128,ZT-45007,Puzzle4000-Large physical map of the world / Merid,Education & Learning,Puzzle,Trefl
133,ZT-37385,Puzzle-500-Hidden Treasure,Education & Learning,Puzzle,Trefl
134,ZT-37384,Puzzle 500-Black motorcykle,Education & Learning,Puzzle,Trefl
135,ZT-37382,"Puzzle 500-Prague, Czech Republic",Education & Learning,Puzzle,Trefl
136,ZT-37378,Puzzle 500-Dogs,Education & Learning,Puzzle,Trefl
137,ZT-37335,Puzzle Favorite sweets,Education & Learning,Puzzle,Trefl
138,ZT-37332,Puzzle Wild leopard,Education & Learning,Puzzle,Trefl
139,ZT-37331,Puzzle View of New York,Education & Learning,Puzzle,Trefl
140,ZT-37327,PuzzleWoodland seclusion,Education & Learning,Puzzle,Trefl
141,ZT-37325,PuzzleMountain idyll,Education & Learning,Puzzle,Trefl
142,ZT-37272,Puzzle500-Ice cream time! / 500 px,Education & Learning,Puzzle,Trefl
143,ZT-37120,Puzzle500-Sailing against Chicago / BE&W,Education & Learning,Puzzle,Trefl
148,ZT-3539,4M Mould & Paint Cute Pets,Education & Learning,Art & Craft,4M
149,ZT-3527,4M- Mould & Paint Ballerina,Education & Learning,Art & Craft,4M
150,ZT-3512,4M- Mould & Paint Garden,Education & Learning,Art & Craft,4M
158,ZT-3396,4M- Magnet Mining,Education & Learning,Science,4M
159,ZT-33073,Puzzle3000-Greek holidays,Education & Learning,Puzzle,Trefl
160,ZT-33065,Puzzle Magic Of Paris Collage,Education & Learning,Puzzle,Trefl
161,ZT-33032,PuzzleThe Roofs Of Jerusalem,Education & Learning,Puzzle,Trefl
162,ZT-3265,4M Kidzlabs Science Magic,Education & Learning,Science,4M
181,ZT-29514,Craftabelle -  Puzzle Panorama 500-Return to the world of Princess,Education & Learning,Puzzle,Disney
182,ZT-29507,"PuzzleBig Ben and Palace of Westminster, London",Education & Learning,Puzzle,Trefl
183,ZT-29506,"PuzzleKotor, Montenegro",Education & Learning,Puzzle,Trefl
184,ZT-29504,Puzzle500 Panorama-Fluffy team / Fotolia,Education & Learning,Puzzle,Trefl
185,ZT-29503,"PuzzleAcropolis, Athens",Education & Learning,Puzzle,Trefl
186,ZT-29500,"PuzzleLofoten Archipelago, Norway",Education & Learning,Puzzle,Trefl
187,ZT-29048,Puzzle1000 Panorama-Frozen 2 / Disney Frozen 2,Education & Learning,Puzzle,Trefl
188,ZT-29038,"Puzzle Passo di Giau, Dolomites",Education & Learning,Puzzle,Trefl
189,ZT-2767,4M- Stitch A Doll & Pet Puppy,Education & Learning,Art & Craft,4M
190,ZT-2731,4M Ballerina Doll Kit Make Your Own Ballerina Craft Kit Kids New In Sealed Box,Education & Learning,Art & Craft,4M
191,ZT-27094,PuzzleLights of Dubai,Education & Learning,Puzzle,Trefl
192,ZT-27089,PuzzleAlps In The Summer,Education & Learning,Puzzle,Trefl
193,ZT-26166,"Puzzles-1500-Lake Oeschinen, Alps, Switzerland",Education & Learning,Puzzle,Trefl
194,ZT-26163,"Puzzle1500-Val di Funes valley, Dolomites, Italy",Education & Learning,Puzzle,Trefl
195,ZT-26159,Puzzle1500-Two tigers,Education & Learning,Puzzle,Trefl
196,ZT-26157,Puzzle1500-Flowers in vases,Education & Learning,Puzzle,Trefl
197,ZT-26146,"PuzzleToledo, Spain",Education & Learning,Puzzle,Trefl
198,ZT-26137,PuzzleView of Manarola,Education & Learning,Puzzle,Trefl
199,ZT-26119,PuzzleSantorini Greece,Education & Learning,Puzzle,Trefl
221,ZT-11113,Puzzle Crazy Shapes Tropical island,Education & Learning,Puzzle,Trefl
222,ZT-11112,Puzzle Crazy Shapes Colourful balloons,Education & Learning,Puzzle,Trefl
223,ZT-11110,Puzzle Crazy Shapes Facing a tiger,Education & Learning,Puzzle,Trefl
224,ZT-10613,Puzzle-1000-View of Cappadocia,Education & Learning,Puzzle,Trefl
225,ZT-10605,Puzzle1000-Physical Map of Europe,Education & Learning,Puzzle,Trefl
226,ZT-10604,Puzzle-1000-Cruise,Education & Learning,Puzzle,Trefl
227,ZT-10598,Puzzle1000 Funny Cities-Sweets in Venice,Education & Learning,Puzzle,Trefl
228,ZT-10597,Puzzle1000 Funny Cities Sweet Paris,Education & Learning,Puzzle,Trefl
229,ZT-10595,Puzzle1000 Funny Cities-Cats in New York,Education & Learning,Puzzle,Trefl
230,ZT-10582,Puzzle1000-Peaceful haven,Education & Learning,Puzzle,Trefl
231,ZT-10581,Puzzle1000 Neon Color Line-Super cats,Education & Learning,Puzzle,Trefl
232,ZT-10578,Puzzle1000 Neon Color Line-Far out dogs,Education & Learning,Puzzle,Trefl
233,ZT-10556,Puzzle1000-Dogs in the garden,Education & Learning,Puzzle,Trefl
234,ZT-10528,Puzzle Grasping tiger,Education & Learning,Puzzle,Trefl
235,ZT-10526,Puzzle Flowers in the morning,Education & Learning,Puzzle,Trefl
236,ZT-10524,Puzzle Colours of Paris,Education & Learning,Puzzle,Trefl
237,ZT-10497,"Puzzle Lichtenstein Castle, Germany",Education & Learning,Puzzle,Trefl
238,ZT-10468,Puzzle Sun-drenched Colosseum,Education & Learning,Puzzle,Trefl
239,ZT-10467,"PuzzleCentral Park, New York",Education & Learning,Puzzle,Trefl
240,ZT-10466,PuzzleBlue bouquet,Education & Learning,Puzzle,Trefl
241,ZT-10462,Puzzle Funny dog portraits,Education & Learning,Puzzle,Trefl
242,ZT-10461,"Puzzle Samudra Beach, India",Education & Learning,Puzzle,Trefl
243,ZT-10460,Puzzle Afternoon in Venice,Education & Learning,Puzzle,Trefl
244,ZT-10448,PuzzleCheerful kitten,Education & Learning,Puzzle,Trefl
245,ZT-10445,PuzzleFairytale Santorini,Education & Learning,Puzzle,Trefl
246,ZT-10443,PuzzleForum Romanum,Education & Learning,Puzzle,Trefl
247,ZT-10395,PuzzleLondan At Dawn,Education & Learning,Puzzle,Trefl
248,ZT-10206,PuzzlePort Jackson-Sydney,Education & Learning,Puzzle,Trefl
249,ZT-10080,Puzzle1000-Titanic,Education & Learning,Puzzle,Trefl
274,ZT-0110,Uno Tin Box,Games,Card Game,UNO
275,ZT-0108,Uno Tin Box,Games,Card Game,UNO
277,ZT-0105,Yu Gi Oh Cards,Games,Card Game,Yu-Gi-Oh!
278,ZT-0104,Yu Gi Oh Cards,Games,Card Game,Yu-Gi-Oh!
279,ZT-0103,Yu Gi Oh Cards,Games,Card Game,Yu-Gi-Oh!
280,ZT-0102,Yu Gi Oh Cards,Games,Card Game,Yu-Gi-Oh!
374,YW-28-048,Water Balloons 1 Bunch 37 Balloons,Season,Summer,Audi
385,YW-28-037,Pokémon Tin Box 4 Asst,Games,Card Game,Pokémon
386,YW-28-036,Pokémon Card 30 Card,Games,Card Game,Pokémon
387,YW-28-035,Pokémon Album 9PCS in the page,Games,Card Game,Pokémon
388,YW-28-034,Pokémon Album Black* Gold 9PCS in the page,Games,Card Game,Pokémon
389,YW-28-033,Pokémon Album Rainbow Black 9PCS in the page,Games,Card Game,Pokémon
390,YW-28-032,Pokémon Album 3D 9PCS in the page,Games,Card Game,Pokémon
391,YW-28-031,Pokémon Album Metalic  9PCS in the page,Games,Card Game,Pokémon
392,YW-28-030,Pokémon Album 3D 4PCS in the page,Games,Card Game,Pokémon
410,YW-28-012,Pokémon 6 Figuers Naurto,Action Figure,Figures,Pokémon
411,YW-28-011,Pokeomon 10 Figuers,Action Figure,Figures,Pokémon
412,YW-28-008,Pokémon Pop 8 Style,Action Figure,Figures,Pokémon
413,YW-28-007,Frozen Egg Stand 12 pieces,Surprise,Egg,Disney
414,YW-28-006,L.O.L. Egg Stand 12 pieces,Surprise,Egg,L.O.L. Surprise
415,YW-28-005,Block Bag Super Hero ( Stand 24 Pieces ),Blocks,Lego,Lego
416,YW-28-004,Block Bag Sider Man ( Stand 24 pieces ),Blocks,Lego,Lego
417,YW-28-003,Dargon Ball 5 Figuers,Action Figure,Figures,Dargon ball
418,YW-28-002,Dargon Ball one Figuer 12 Asst,Action Figure,Figures,Dargon ball
419,YW-28-001,Pokémon Hand Bag,Games,Card Game,Pokémon
442,YW-26-056,Dargon ball 8 charchters,Action Figure,Figures,Dargon ball
443,YW-26-055,Dargon ball 5 charchters,Action Figure,Figures,Dargon ball
444,YW-26-054,Dargon ball 4 charchters,Action Figure,Figures,Dargon ball
445,YW-26-053,Pokémon 5 charchters,Action Figure,Figures,Pokémon
446,YW-26-052,Pokémon Card,Action Figure,Figures,Pokémon
447,YW-26-051,Pokémon box 12 charchters,Action Figure,Figures,Pokémon
448,YW-26-050,Pokémon box 12 charchters,Action Figure,Figures,Pokémon
449,YW-26-049,Pokémon box 12 charchters,Action Figure,Figures,Pokémon
450,YW-26-048,Pokémon box 12 charchters,Action Figure,Figures,Pokémon
451,YW-26-047,Pokémon Box 8 Pcs,Action Figure,Figures,Pokémon
452,YW-26-046,Pokémon Box 7 Pcs,Action Figure,Figures,Pokémon
453,YW-26-045,Pokémon Card 12 pcs,Action Figure,Figures,Pokémon
454,YW-26-044,Pokémon box 6 pcs,Action Figure,Figures,Pokémon
455,YW-26-043,Pokémon Box 10 pcs,Action Figure,Figures,Pokémon
456,YW-26-042,Pokémon Charchters,Action Figure,Figures,Pokémon
457,YW-26-041,Pokémon Plush Toys 45 cm,Plush & Soft Toys,Non Battery,Pokémon
458,YW-26-040,Pokémon Card tin box,Games,Card Game,Pokémon
459,YW-26-039,Pokémon Card tin box,Games,Card Game,Pokémon
460,YW-26-038,Pokémon Card tin box,Games,Card Game,Pokémon
461,YW-26-037,Pokémon Card tin box,Games,Card Game,Pokémon
462,YW-26-036,Pokémon Boosters ( Stand 36 Pcs ),Games,Card Game,Pokémon
463,YW-26-035,Pokémon Card ( Stand 8 pcs ),Games,Card Game,Pokémon
464,YW-26-034,Pokémon Card doubke,Games,Card Game,Pokémon
465,YW-26-032,Pokémon Card 25 card ( Stand 20 pcs ),Games,Card Game,Pokémon
466,YW-26-031,Pokémon Academy Box,Games,Card Game,Pokémon
467,YW-26-030,Pokmeon Card tin box ( stand 6 pcs ),Games,Card Game,Pokémon
468,YW-26-029,Pokémon Card,Games,Card Game,Pokémon
470,YW-26-027,Yoyo Pokémon ( Stand 24 pcs ),Games,Yoyo,Pokémon
471,YW-26-026,Yoyo Stich ( Stand 24 pcs ),Games,Yoyo,Stich & Lilo
472,YW-26-025,Beyblade,Games,Top & Battle,Beyblade
473,YW-26-024,Pokémon Rubics ( Stand 6 pcs ),Fidget,Cubes,Pokémon
474,YW-26-023,Pokémon Ball ( Stand 12 pcs ),Surprise,Ball,Pokémon
475,YW-26-022,Pokémon Ball ( Stand 12 pcs ),Surprise,Ball,Pokémon
476,YW-26-021,Pockemon Bag ( Stand 24 pcs ),Games,Card Game,Pokémon
477,YW-26-020,Pokémon Blind Box ( Stand 24 pcs ),Surprise,Box,Pokémon
478,YW-26-019,Pokémon Stand 12 pcs,Action Figure,Figures,Pokémon
563,YA-YW811614-M,Alpha Katuri Plush-- Chip,Plush & Soft Toys,Non Battery,Katuri
564,YA-YW811613-M,Alpha Katuri Plush- Jack,Plush & Soft Toys,Non Battery,Katuri
565,YA-YW811612-M,Alpha Katuri Plush-Duri,Plush & Soft Toys,Non Battery,Katuri
566,YA-YW811611-M,Alpha Katuri Plush-Bobby,Plush & Soft Toys,Non Battery,Katuri
567,YA-YW810050,Alpha Katuri Collectable Figure--Flora,Action Figure,Figures,Katuri
568,YA-YW810040,Alpha Katuri Collectable Figure--Chip,Action Figure,Figures,Katuri
569,YA-YW810030,Alpha Katuri Collectable Figure--Jack,Action Figure,Figures,Katuri
570,YA-YW810020,Alpha Katuri Collectable Figure--Duri,Action Figure,Figures,Katuri
571,YA-YA-EU810240,Alpha Katuri Magic Little Egg-Chip,Action Figure,Figures,Katuri
572,YA-YA-EU810230,Alpha Katuri Magic Little Egg-Jack,Action Figure,Figures,Katuri
573,YA-YA-EU810220,Alpha Katuri Magic Little Egg-Duri,Action Figure,Figures,Katuri
574,YA-YA-EU810210,Alpha Katuri Magic Little Egg-Bobby,Action Figure,Figures,Katuri
575,YA-PTRSD014IN00,T- Racers S - Playset 1X4 Eagle Jump,Vehicle - Parking & Robots,Track & Parking Slot,T-Racers
576,YA-PTRSD012IN10,T-Racers S - Playset 1X2 Dragon Loop,Vehicle - Parking & Robots,Track & Parking Slot,T-Racers
577,YA-PTR2D208IN00,T-Racers Ii - Display 2X8 Square Box,Vehicle - Parking & Robots,Car,T-Racers
578,YA-PTR1D208IN00,T-Racers I - Display,Vehicle - Parking & Robots,Car,T-Racers
579,YA-PKLSP114IN60,Kookyloos S - Playset Ava''S Wardrobe 1X4,Dolls & Accessories,Fashion Doll,Kookyloos
580,YA-PKLSP114IN50,Kookyloos S - Playset Robin''S Wardrobe 1X4,Dolls & Accessories,Fashion Doll,Kookyloos
581,YA-PKLSP114IN30,Kookyloos S - Playset Tiffany''S Popup Bakery 1X4,Role Play,Cake & Desert Set,Kookyloos
582,YA-PKLSP114IN20,Kookyloos S - Playset Mila''S Popup Spa 1X4,Role Play,Hair Salon,Kookyloos
583,YA-PKLSP114IN10,Kookyloos S - Playset Fashion Challenge 1X4,Dolls & Accessories,Doll House & Play set,Kookyloos
584,YA-PKL2D212IN00,Kookyloos Ii - Display 2X12 (Vii),Surprise,Tube,Kookyloos
585,YA-PKL1D406IN00,Kookyloos I - Display 1x48 FSDU,Surprise,Tube,Kookyloos
586,YA-EU881710,Alpha Rev & Roll Best Buddies Rev And Rumble,Vehicle - Parking & Robots,Car,Rev&Roll
587,YA-EU811902,Alpha Katuri Plush--Mama With Kids,Plush & Soft Toys,Non Battery,Katuri
588,YA-290-85143,Pokémon Trading Cards Enhanced 2 Pack Blisters Articuno / Zapdos / Moltres,Games,Card Game,Pokémon
589,YA-290-85050,Pokémon Trading Cards SWSH 10.5 Pokémon Go Elite Trainer Box (10/Case),Games,Card Game,Pokémon
590,YA-290-80991,Pokémon Trading Cards Pikachu & Zekrom Premium Box (6/case),Games,Card Game,Pokémon
591,YA-290-80906,Pokémon Trading Cards Battle Academy 2022 Q1  (6 / case),Games,Board Game,Pokémon
592,YA-290-80817,Pokémon Trading Cards Shining Fates ETB,Games,Card Game,Pokémon
593,YA-210-85116,Pokémon Trading Cards Hidden Potential Tins Fall 22,Games,Card Game,Pokémon
594,YA-210-85046,Pokémon Trading Cards Go Mini Tin (Assortment) - EN (10x4=40 pcs),Games,Card Game,Pokémon
595,YA-210-85015,Pokémon Trading Cards V Heroes Tin (Spring 2022) Espeon/Umbreon/Sylveon(6 /cs),Games,Card Game,Pokémon
596,YA-183-85107,Pokémon Trading Cards SWSH-12 - Silver Tempest Elite Trainer Box (10 / CASE ),Games,Card Game,Pokémon
597,YA-183-85091,Pokémon Trading Cards SWSH-12 - Silver Tempest Boosters,Games,Card Game,Pokémon
598,YA-182-85055,Pokémon Trading Cards SWSH-11 Lost Origins Boosters,Games,Card Game,Pokémon
599,XS-4870,"X-Shot Dino Attack Extinct (1Medium Egg,8Darts)",Guns,Gun,X-Shot
600,XS-4862,X-Shot Dino Attack-Inflatable Dino Target,Guns,Bullet,X-Shot
601,XS-4861,"X-Shot Dino Attack-Eliminator(2Medium Egg,4Small Egg,24Darts)",Guns,Gun,X-Shot
602,XS-4860,"X-Shot-Dino Attack- Hunter (2Medium Egg,2 Small Egg,16Darts)",Guns,Gun,X-Shot
603,XS-4859,X-Shot Dino Attack Combo Pack Hunter And Eliminator,Guns,Gun,X-Shot
604,XS-3695,X-Shot Swords 12pcs,Guns,Swords,X-Shot
605,XS-36583,Zuru X-Shot Skins Dread Sonic (12 Darts) Open Box,Guns,Gun,X-Shot
606,XS-36543,Zuru X-Shot Skins Menace 4Pk (24Darts),Guns,Gun,X-Shot
607,XS-36542,X-Shot Mix Combo Pack 2Pk Dread And 2Pk Menace,Guns,Gun,X-Shot
608,XS-36534,Zuru X-Shot - Excel Skin Flux 2 Pack,Guns,Gun,X-Shot
609,XS-36524,X-Shot Skins Mix Combo Pack Last Stand And 2Pk Flux,Guns,Gun,X-Shot
610,XS-36518-H,Zuru X-Shot - Excel Skin Last Stand - Dragon,Guns,Gun,X-Shot
611,XS-36518-D,Zuru X-Shot - Excel Skin Last Stand - Apocalypse,Guns,Gun,X-Shot
612,XS-36518-B,Zuru X-Shot - Excel Skin Last Stand - Graffiti,Guns,Gun,X-Shot
613,XS-36518-A,Zuru X-Shot - Excel Skin Last Stand - Game Over,Guns,Gun,X-Shot
614,XS-36517-H,Zuru X-Shot - Excel Skin Dread - Sketch,Guns,Gun,X-Shot
615,XS-36517-G,Zuru X-Shot - Excel Skin Dread - Apocalypse,Guns,Gun,X-Shot
616,XS-36517-D,Zuru X-Shot - Excel Skin Dread - Camo,Guns,Gun,X-Shot
617,XS-36517-B,X-Shot - Excel Skin Dread - K.O.,Guns,Gun,X-Shot
618,XS-36517-A,Zuru X-Shot - Excel Skin Dread - Boom,Guns,Gun,X-Shot
619,XS-36516-G,Zuru X-Shot - Excel Skin Flux - Apocalypse,Guns,Gun,X-Shot
620,XS-36516-E,Zuru X-Shot - Excel Skin Flux - Game Over,Guns,Gun,X-Shot
621,XS-36516-D,Zuru X-Shot - Excel Skin Flux - Illustrate,Guns,Gun,X-Shot
622,XS-36516-B,Zuru X-Shot - Excel Skin Flux - Graffiti,Guns,Gun,X-Shot
623,XS-36516-A,Zuru X-Shot - Excel Skin Flux - Zombie Stomper,Guns,Gun,X-Shot
624,XS-36515-J,X-Shot - Excel Skin Menance - Scream,Guns,Gun,X-Shot
625,XS-36515-H,X-Shot - Excel Skin Menance - Apocalypse,Guns,Gun,X-Shot
626,XS-36515-G,X-Shot - Excel Skin Menance - Beast Out,Guns,Gun,X-Shot
627,XS-36515-D,X-Shot - Excel Skin Menance - Spray Tag,Guns,Gun,X-Shot
628,XS-36515-B,X-Shot - Excel Skin Menance - Game Over,Guns,Gun,X-Shot
629,XS-36515-A,X-Shot - Excel Skin Menance - Camo,Guns,Gun,X-Shot
630,XS-36507,X-Shot Excel Fortress,Guns,Gun,X-Shot
631,XS-36437,X-SHOT EXCEL-Vigilante-24Darts,Guns,Gun,X-Shot
632,XS-36436,X-SHOT -Excel-Xcess TK-12 16darts,Guns,Gun,X-Shot
633,XS-36435,X-SHOT -Excel-Hawk Eye  (16Darts),Guns,Gun,X-Shot
634,XS-36434,"X-SHOT - Excel-REFLEX 6 Double Pack (2 Shooters, 3",Guns,Gun,X-Shot
635,XS-36433,X-SHOT -EXCEL-REFLEX 6 (16Darts),Guns,Gun,X-Shot
636,XS-36432,"X-Shot- MK 3 Double Pack (2 Shooters, 3Cans, 16 Da",Guns,Gun,X-Shot
637,XS-36419,X-Shot Dart Ball Blaster-CHAOS Golden Meteor 2PK(2,Guns,Gun,X-Shot
638,XS-36377,X-SHOT- EXCEL-FURY 4,Guns,Gun,X-Shot
639,XS-36345,X-Shot Combo Pack Turbo Fire/Fury 4 And Micro (48Darts),Guns,Gun,X-Shot
640,XS-36327,X-SHOT Chaos 50 Dart Balls Refill,Guns,Bullet,X-Shot
641,XS-36270,X-Shot Excel-Turbo Fire(48Darts),Guns,Gun,X-Shot
642,XS-36251,X-Shot Ultimate Shootout Pack,Guns,Gun,X-Shot
643,XS-3621,"X-Shot -Excel, Double Micro (3Cans,8Darts)",Guns,Gun,X-Shot
644,XS-36181,Zuru X-Shot Excel Ultimate Value 200 Darts Refill Carry Case,Guns,Bullet,X-Shot
645,XS-3618,X-Shot Excel 36 Pack Darts Refill,Guns,Bullet,X-Shot
646,XS-36136,X-Shot Turbo Advance SR,Guns,Gun,X-Shot
649,TMP-15713,DC Batman Movie Vehicles Batcycle,Action Figure,Figures,DC Comics
650,TMP-15620-2,DC McFarlane  BUILDA-A 7IN Figures-Batman Beyond-S,Action Figure,Figures,DC Comics
651,TMP-15458,DC Collector Multipack  Batman Vs Hush,Action Figure,Figures,DC Comics
652,TMP-15413,DC Dark Nights Metal Earth 44 Batman,Action Figure,Figures,DC Comics
653,TMP-15367,DC Gaming 7In Figures Wv5 - Red Hood,Action Figure,Figures,DC Comics
654,TMP-15366,DC Gaming 7In Figures Wv5 - Nightwing,Action Figure,Figures,DC Comics
655,TMP-15327,DC Black Adam Movie Megafig  Sabbac,Action Figure,Figures,DC Comics
656,TMP-15262,Mcfarlane Dc Black Adam Movie 7In Figures Atom Smasher,Action Figure,Figures,Dc Multiverse
657,TMP-15259,Mcfarlane Dc Black Adam Movie 7In Figures Dr. Fate,Action Figure,Figures,Dc Multiverse
658,TMP-15257,Mcfarlane Dc Black Adam Movie 7In Figures Hawkman,Action Figure,Figures,Dc Multiverse
659,TMP-15256,Mcfarlane Dc Black Adam Movie 7In Figures Black Adam (Hero Costume),Action Figure,Figures,Dc Multiverse
660,TMP-15253,DC Multiverse 7In  Martian Manhunter Variant (Gold,Action Figure,Figures,DC Comics
661,TMP-15249,DC Multiverse 7In  The Batman Who Laughs As Batman,Action Figure,Figures,DC Comics
662,TMP-15244,DC Multiverse 7In  The Flash Tv Show (Season 7),Action Figure,Figures,DC Comics
663,TMP-15243,DC Multiverse 7In  The Flash (Wally West  Red Suit),Action Figure,Figures,DC Comics
664,TMP-15234,DC Multiverse 7In  AntiCrisis Wonder Woman,Action Figure,Figures,DC Comics
665,TMP-15146,DC Multiverse 7In - Batman Hazmat Suit,Action Figure,Figures,DC Comics
666,TMP-15144,DC Multiverse 7In Wonder Woman Designed By Todd Mc,Action Figure,Figures,DC Comics
667,TMP-15143,DC Multiverse 7In The Dark Knight Returns,Action Figure,Figures,DC Comics
668,TMP-15079,DC Batman Movie 7In Figures Wv1 Catwoman,Action Figure,Figures,DC Comics
669,TMP-15076,DC Batman Movie 7In Figures Wv1 Batman,Action Figure,Figures,DC Comics
671,TH-ZUR-9609,COCO Surprise Cones Neon PDQ 6 Asst (12 PCS),Plush & Soft Toys,Non Battery,COCO SURPRISE
672,TH-ZUR-9608,COCO Surprise Cones Fantacy 6 Asst (12 PCS),Plush & Soft Toys,Non Battery,COCO SURPRISE
676,TH-RMS-99-010,Barbie Reveal Diary Set,Education & Learning,Art & Craft,Barbie
677,TH-RMS-99-005,Barbie Festival Lights Set,Education & Learning,Art & Craft,Barbie
678,TH-RMS-99-004,Barbie Foil Reveal Scrapbook Set,Education & Learning,Art & Craft,Barbie
679,TH-RMS-99-003,Barbie Uv Reveal/ Light Up Diary,Education & Learning,Art & Craft,Barbie
680,TH-RMS-99-002,Barbie Pencil Case Set,Education & Learning,Art & Craft,Barbie
681,TH-RMS-99-001,Barbie Confetti Drinks Bottle,Education & Learning,Art & Craft,Barbie
682,TH-MGA-577508,L.O.L. Surprise OMG Sports Doll- Cheer Diva,Dolls & Accessories,Fashion Doll,L.O.L. Surprise
683,TH-MGA-572794,L.O.L. Surprise OMG Doll Series 4.5 - Moonlight B.,Dolls & Accessories,Fashion Doll,L.O.L. Surprise
684,TH-MGA-572787,L.O.L. Surprise OMG Doll Series 4.5 - Sunshine,Dolls & Accessories,Fashion Doll,L.O.L. Surprise
685,TH-LIT-654824,Little Tikes My Real Jam- Drums,Music,Drum,Little Tikes
686,TH-LIT-654817,Little Tikes My Real Jam- Keyboard,Music,Keyboard,Little Tikes
687,TH-LIT-654800,Little Tikes My Real Jam- Electric Guitar,Music,Guitar,Little Tikes
688,TH-LIT-654794,Little Tikes My Real Jam- Acoustic Guitar,Music,Guitar,Little Tikes
689,TH-LIT-651052,Little Tikes Little Baby Bum Twinkle Plush,Baby,Toddler,Little Tikes
690,TH-LIT-643224,Little Tikes 3-in-1 Sports Zone,Sport,Basket ball,Little Tikes
691,TH-LIT-638503,Little Tikes Ball Chase Octopus,Baby,Toddler,Little Tikes
692,TH-GTR94,Barbie CLR RVL DL AST MNMX,Surprise,Tube,Barbie
706,SM-0444,Yogi Card (Stand 36 Bag ),Games,Card Game,Yu-Gi-Oh!
707,SM-0443,Yogi Card (Stand 12 Pcs),Games,Card Game,Yu-Gi-Oh!
710,SM-0440,Uno is a large tin box,Games,Card Game,UNO
719,SM-0431,Doll changes color in the water,Surprise,Tube,Barbie
721,SM-0429,Safe Box Desniey,Role Play,Bank Set,Disney
1098,SH-3769,Colour Change  Pocket doll Stand 12 Pieces,Surprise,Tube,Barbie
1099,SH-3768,Colour Change  Fashion doll Stand 12 Pieces,Surprise,Tube,Barbie
1136,SH-3715,12INCH AVENGER WITH LIGHT 7INCH 12ASST,Action Figure,Figures,Super Hero
1137,SH-3714,12INCH AVENGER WITH LIGHT&SOUNDS 12INCH 9ASST,Action Figure,Figures,Super Hero
1138,SH-3713,12INCH AVENGER WITH LIGHT&SOUNDS 12INCH 18ASST,Action Figure,Figures,Super Hero
1165,SH-3684,Die Cast Super Hero 6asst,Vehicle - Parking & Robots,Car,Super Hero
1166,SH-3683,Die Cast Super Hero 6asst,Vehicle - Parking & Robots,Car,Super Hero
1167,SH-3682,Die Cast Super Hero 6asst,Vehicle - Parking & Robots,Car,Super Hero
1168,SH-3681,Die Cast Super Hero 6asst,Vehicle - Parking & Robots,Car,Super Hero
1169,SH-3680,Die Cast Super Hero 6asst,Vehicle - Parking & Robots,Car,Super Hero
1171,SH-3677,Two Mic L.O.L.,Music,Mic,L.O.L. Surprise
1172,SH-3676,LOL MIC,Music,Mic,L.O.L. Surprise
1173,SH-3675,LOL Tent with 20  Ball,Role Play,Tent & Play House,L.O.L. Surprise
1977,RT03441,Cashier L.O.L. Surprise,Role Play,cashier Set,L.O.L. Surprise
1982,RT03436,Cashier Minnie Mouse,Role Play,cashier Set,Mickey & Minnie
1983,RT03435,Cashier Bow Frozen,Role Play,cashier Set,Disney
1984,RT03434,Cashier Bow L.O.L Surprise,Role Play,cashier Set,L.O.L. Surprise
1985,RT03433,Cashier Bow Minnie Mouse,Role Play,cashier Set,Mickey & Minnie
2160,RT03070,Connect 4 ( Join 4 ) Original Pocket Size,Games,Board Game,Connect 4
2165,RT03064,Connect 4 Elephant Big size,Games,Board Game,Connect 4
2166,RT03063,Connect 4 Original Big size,Games,Board Game,Connect 4
2751,RSH-SSC203,Canal Toys - So Slime Magical slime Fortune Reveal Ball,Clay,Slime,So Slime
2752,RSH-SSC201,Canal Toys - So Slime Magical slime Mystery Potion Single Kit,Clay,Slime,So Slime
2753,RSH-SSC185,Canal Toys - So Slime Mix'''''''''''''''' In Kit DIY Slime 20 Pack,Clay,Slime,So Slime
2754,RSH-SSC184,Canal Toys - So Slime Mix'''''''''''''''' In Kit DIY Slime 10 Pack,Clay,Slime,So Slime
2755,RSH-SSC180,Canal Toys - So Slime Ice Cream Factory,Clay,Slime,So Slime
2756,RSH-SSC161,Canal Toys - So slime Slimelicious Fast Food studio,Clay,Slime,So Slime
2757,RSH-SSC158,Canal Toys - Slime  Tie  Dye Table & Iron Color Change,Clay,Slime,So Slime
2758,RSH-SSC154,Canal Toys - So Slime Slimelicious Milkshake Deluxe DIY,Clay,Slime,So Slime
2759,RSH-SSC149,Canal Toys - Slime Kit TIE-DYE,Clay,Slime,So Slime
2760,RSH-SSC137,Canal Toys - Slime Kit TIE-DYE,Clay,Slime,So Slime
2761,RSH-SSC134UK,Canal Toys - So Slime Kit TIE-DYE Slime Machine,Clay,Slime,So Slime
2762,RSH-SSC096,Canal Toys - Slime DIY Fluffy Pop,Clay,Slime,So Slime
2763,RSH-SSC019,Canal Toys - So Slime Shakers 3-Pack + 3 Bonus,Clay,Slime,So Slime
2764,RSH-SSC011,Canal Toys - So Slime Slime Laboratory,Clay,Slime,So Slime
2765,RSH-SSC002,Canal Toys - So Slime SLIME FACTORY,Clay,Slime,So Slime
2766,RSH-SGD001,Canal Toys - So Glow MAGIC JAR MINI KIT,Education & Learning,Art & Craft,So Glow 
2767,RSH-SDD036,Canal Toys - So Sand DIY - Rainbow Cake Kit,Clay,Sand,So Sand
2768,RSH-OFG255,Canal Toys - Style 4 Ever Nail Art Manicure Set,Education & Learning,Art & Craft,Style 4 Ever
2769,RSH-OFG253,Canal Toys - Style 4 Ever Fashion Designer Portfolio,Education & Learning,Art & Craft,Style 4 Ever
2770,RSH-OFG252,Canal Toys - Style 4 Ever The Unicorn Family Deco DIY,Education & Learning,Art & Craft,Style 4 Ever
2771,RSH-OFG249,Canal Toys - Style 4 Ever Airbrush Plush - Puppy,Education & Learning,Art & Craft,Style 4 Ever
2772,RSH-OFG248,Canal Toys - Style 4 Ever Airbrush Plush - Kitty,Education & Learning,Art & Craft,Style 4 Ever
2773,RSH-OFG245,Canal Toys - Style 4 Ever Mini Deco Diy 3 Pack,Education & Learning,Art & Craft,Style 4 Ever
2774,RSH-OFG243,Canal Toys - Style 4 Ever Airbrush Plush - Dinosaur,Education & Learning,Art & Craft,Style 4 Ever
2775,RSH-OFG238,Canal Toys - Style 4 Ever Deco Dino Kit,Education & Learning,Art & Craft,Style 4 Ever
2776,RSH-OFG234,Canal Toys - Style 4 Ever Mini Lava Lamp Diy,Education & Learning,Art & Craft,Style 4 Ever
2777,RSH-OFG233,Canal Toys - Style 4 Ever Fashion Designer Kit,Education & Learning,Art & Craft,Style 4 Ever
2778,RSH-OFG232,Canal Toys - Style 4 Ever FASHION DESIGNER,Education & Learning,Art & Craft,Style 4 Ever
2779,RSH-OFG228,Canal Toys - Style 4 Ever Airbrush Plush - Unicorn,Education & Learning,Art & Craft,Style 4 Ever
2780,RSH-OFG221,Canal Toys - Style 4 Ever Tie Dye Stamp art kit  Bucket,Education & Learning,Art & Craft,Style 4 Ever
2781,RSH-OFG216,Canal Toys - Style 4 Ever Tie Dye Kit (2 asst),Education & Learning,Art & Craft,Style 4 Ever
2782,RSH-OFG210,Canal Toys - Style 4 Ever Color Pets,Education & Learning,Art & Craft,Style 4 Ever
2783,RSH-OFG208,Canal Toys - Style 4 ever Unicorn  Lamp DIY Light-Up,Education & Learning,Art & Craft,Style 4 Ever
2784,RSH-OFG194,Canal Toys - Style 4 Ever Glitter Nail Art Kit,Education & Learning,Art & Craft,Style 4 Ever
2785,RSH-OFG180,Canal Toys - Style 4 Ever Lava Lamp DIY,Education & Learning,Art & Craft,Style 4 Ever
2786,RSH-OFG179,Canal Toys - Style 4 Ever Mini Deco Glow In Dark Asst,Education & Learning,Art & Craft,Style 4 Ever
2787,RSH-OFG163,Canal Toys - Style 4 Ever Nail & Tattos Salon,Education & Learning,Art & Craft,Style 4 Ever
2788,RSH-OFG106,Canal Toys - Style 4 Ever DIY Unicorn,Education & Learning,Art & Craft,Style 4 Ever
2789,RSH-DSM002,Canal Toys - Pet Vet Doctor Slime Carry Case,Clay,Slime,So Slime
2790,RSH-ART009,Canal Toys - Lab Art Water Color Studio,Education & Learning,Art & Craft,Art Lab
2791,RSH-ART005,Canal Toys - ART LAB Mini Pouring Art (4 asst),Education & Learning,Art & Craft,Art Lab
2792,RSH-ART002,Canal Toys - ART LAB Ranibow Pouring  Kit - 2 Asst,Education & Learning,Art & Craft,Art Lab
2793,RSH-ART001,Canal Toys - ART LAB Pouring Art Studio,Education & Learning,Art & Craft,Art Lab
2794,RSH-96552,Moose - SCRUNCHMIEZ S2  4PK,Fashion,Accessories,ScrunchMiez
2795,RSH-96542,Moose - Scrunchmiez Surprise Cdu6Pcs,Fashion,Accessories,ScrunchMiez
2796,RSH-96539,Moose - Scrunchmiez S2 Single Pack Cdu6Pcs,Fashion,Accessories,ScrunchMiez
2797,RSH-50214,Moose - KindiKids Mystabella and Mirabella Scented Kisses,Dolls & Accessories,Doll,Kindi Kids
2798,RSH-50212,Moose - KindiKids  BUBBLEISHA,Dolls & Accessories,Doll,Kindi Kids
2799,RSH-50157,Moose - Kindikids Scented Sisters Summer Ice Cream Scent-,Dolls & Accessories,Doll,Kindi Kids
2800,RSH-50129,Moose - KindiKids POPPI PEARL Bubble ''''''''''''''''N'''''''''''''''' Sing,Dolls & Accessories,Doll,Kindi Kids
2801,RSH-50128,Moose - KindiKids Scented Sisters MINI MELLO,Dolls & Accessories,Doll,Kindi Kids
2802,RSH-50127,Moose - Kindikids Scented Sisters - Teenie Tiara,Dolls & Accessories,Doll,Kindi Kids
2803,RSH-50125,Moose - KindiKids Scented Sisters- BLOSSOM BERRI,Dolls & Accessories,Doll,Kindi Kids
2804,RSH-50120,Moose - KindiKids Scented Sisters Strawberry Blossom - BER,Dolls & Accessories,Doll,Kindi Kids
2805,RSH-50113,Moose - KindiKids PETS - MARLO BUNNY,Dolls & Accessories,Doll Accessories,Kindi Kids
2806,RSH-50112,Moose - Kindikids S4 Pets - Teah The Koala,Dolls & Accessories,Doll Accessories,Kindi Kids
2807,RSH-50111,Moose - KindiKids PETS - CATERINA THE KITTY,Dolls & Accessories,Doll Accessories,Kindi Kids
2808,RSH-50110,Moose - KindiKids  PETS - PUPKIN PUPPY,Dolls & Accessories,Doll Accessories,Kindi Kids
2809,RSH-50065,Moose - Kindikids Fun Time Friends - Donatina,Dolls & Accessories,Doll,Kindi Kids
2810,RSH-50060,Moose - Kindikids Fun Time Friends Pirouetta,Dolls & Accessories,Doll,Kindi Kids
2811,RSH-50050,Moose - Kindikids Doctor Dress Up Marsha Mello,Dolls & Accessories,Doll,Kindi Kids
2812,RSH-50047,Moose - KindiKids  Kindi Fund Delivery Scooter,Dolls & Accessories,Doll,Kindi Kids
2813,RSH-50036,Moose - KindiKids Fun Time Friends CINDY POPS,Dolls & Accessories,Doll,Kindi Kids
2814,RSH-50023,Moose - Kindikids Snack Time Friends Rainbow Kate,Dolls & Accessories,Doll,Kindi Kids
2815,RSH-50009,Moose - Kindikids Snack Time Friends Marsha Mello,Dolls & Accessories,Doll,Kindi Kids
2816,RSH-50008,Moose - Kindikids Snack Time Friends Jessicake,Dolls & Accessories,Doll,Kindi Kids
2817,RSH-50006,Moose - Kindikids Snak Time Friends Fun Donatina,Dolls & Accessories,Doll,Kindi Kids
2818,RSH-41642,Moose - Treasurex Minecraft Nether Portall,Action Figure,Figures,TreasureX
2819,RSH-41641,Moose - Treasure X Minecraft Cdu12Pcs,Action Figure,Figures,TreasureX
2820,RSH-41507,Moose - Treasure X Dragon Gold S2 Sidekick Fsdu,Action Figure,Figures,TreasureX
2821,RSH-41361,Moose - Goo Jit Zu  MARVEL HERO - VIBRANIUM POWER BLACK PANTHER,Action Figure,Figures,Goo Jit Zu
2822,RSH-41307,Moose - Goo Jit Zu Jurassic World Hero - Supagoo T-Rex,Animals,Dino,Goo Jit Zu
2823,RSH-41306,Moose - Goo Jit Zu Jurassic World Hero Pk - Giganotosaurus,Animals,Dino,Goo Jit Zu
2824,RSH-41305,Moose - Goo Jit Zu Jurassic World HERO PK - PYRORAPTOR,Animals,Dino,Goo Jit Zu
2825,RSH-41294,Moose - Goo Jit Zu Galaxy Blast - Air Vac Steel Thrsh,Action Figure,Figures,Goo Jit Zu
2826,RSH-41293,Moose - Goo Jit Zu Galaxy Blast - Blazagon,Action Figure,Figures,Goo Jit Zu
2827,RSH-41290,Moose - Goo Jit Zu Dc Hero - The Joker In Black Tuxedo,Action Figure,Figures,Goo Jit Zu
2828,RSH-41288,Moose - Goo Jit Zu Dc Hero - Kryptonian Armor Superman,Action Figure,Figures,Goo Jit Zu
2829,RSH-41287,Moose - Goo Jit Zu Dc Hero Pk Armor Batman,Action Figure,Figures,Goo Jit Zu
2830,RSH-41280,Moose - Goo Jit Zu GALAXY BLAST HERO - ORBITOX,Action Figure,Figures,Goo Jit Zu
2831,RSH-41279,Moose - Goo Jit Zu Galaxy Blast Hero- Warsnap,Action Figure,Figures,Goo Jit Zu
2832,RSH-41278,Moose - Goo Jit Zu GALAXY BLAST HERO - ROCK JAW,Action Figure,Figures,Goo Jit Zu
2833,RSH-41277,Moose - Goo Jit Zu Galaxy Blast Hero - Tyro,Action Figure,Figures,Goo Jit Zu
2834,RSH-41276,Moose - Goo Jit Zu Galaxy Blast Hero - Blazagon,Action Figure,Figures,Goo Jit Zu
2835,RSH-41232,Moose - Goo Jit Zu DC HERO BATMAN,Action Figure,Figures,Goo Jit Zu
2836,RSH-41228,Moose - Goo Jit Zu Dc Hero Metallic Batman Vs The Riddler,Action Figure,Figures,Goo Jit Zu
2837,RSH-41203,Moose - Goo Jit Zu  MARVEL THANOS,Action Figure,Figures,Goo Jit Zu
2838,RSH-41201,Moose - Goo Jit Zu MARVEL S3 HERO - MILES MORALES,Action Figure,Figures,Goo Jit Zu
2839,RSH-41184,Moose - Goo Jit Zu Dc Hero - Batman Vs Joker,Action Figure,Figures,Goo Jit Zu
2840,RSH-41169,Moose - Goo Jit Zu GALAXY ATTACH - SUN FIRE BLAZAGON VS DARK MATTER TERRACK,Action Figure,Figures,Goo Jit Zu
2841,RSH-41167,Moose - Goo Jit Zu Dc Hero- Supagoo Bat-Man,Action Figure,Figures,Goo Jit Zu
2842,RSH-41146,Moose - Goo Jit Zu Marvel Hero- Spider-Man Vs Venom,Action Figure,Figures,Goo Jit Zu
2843,RSH-30147,Moose - Little Live Pets Cutie Cuts Purple,Role Play,Pets,Little Live Pets
2844,RSH-30146,Moose - Little Live Pets Cutie Cuts Pink,Role Play,Pets,Little Live Pets
2845,RSH-26364,Moose - Little Live Pets Bright Light Chameleon,Role Play,Pets,Little Live Pets
2846,RSH-26334,Moose - Little Live Pets GOTTA GO S2 TURDLE SGL PK,Role Play,Pets,Little Live Pets
2847,RSH-26266,Moose - Little Live Pets - Lil dippers JEWELETTE,Role Play,Pets,Little Live Pets
2848,RSH-26265,Moose - Little Live Pets - Lil dippers Sequeen,Role Play,Pets,Little Live Pets
2849,RSH-26264,Moose - Little Live Pets - Lil dippers BELLARIVA,Role Play,Pets,Little Live Pets
2850,RSH-26263,Moose - Little Live Pets - Lil dippers FURTAIL,Role Play,Pets,Little Live Pets
2851,RSH-26164,Moose - Little Live Pets - Lil dippers - UNICORNSEA,Role Play,Pets,Little Live Pets
2852,RSH-25296,Moose - Real Littles Sneaker Cdu12Pcs,Fashion,Accessories,Real Littles
2853,RSH-25292,Moose - Real Littles Hand Bags Cdu10Pcs,Fashion,Accessories,Real Littles
2854,RSH-25278,Real Littles S2 Back Packs Stand 18 pcs,Fashion,Accessories,Real Littles
2855,RSH-25262,Moose - Real Littlesback Packs Cdu9Pcs,Fashion,Accessories,Real Littles
2856,RSH-25204,Moose - Blingle Bands Deluxe Studio,Education & Learning,Art & Craft,Blingle Bands
2857,RSH-25203,Moose - Blingle Bands Starter Pod - Cdu6Pcs,Education & Learning,Art & Craft,Blingle Bands
2858,RSH-25202,Moose - Blingle Bands Refill - CDU18PCS,Education & Learning,Art & Craft,Blingle Bands
2859,RSH-14662,Moose - Magic Mixies castle,Dolls & Accessories,Doll House & Play set,Magic Mixies
2860,RSH-1437771,HTI- EVO Scooter PUPPY LIGHT UP,Out Door & Garden,Scooter,EVO
2861,RSH-14215,Moose - Akedo S1 Single Pack Cdu8Pcs,Games,Top & Battle,Akedo
2862,RSH-13008,Moose - Bluey 20Cm Plush Orange Mix Cdu10Pcs,Plush & Soft Toys,Non Battery,Bluey
2863,RSH-13007,Moose - Bluey 20Cm Plush Blue Mix Cdu10Pcs,Plush & Soft Toys,Non Battery,Bluey
2864,RSH-12300,Squeakee The Balloon Dog Red,Vehicle - Parking & Robots,Robots,Squeakee
3212,NK-61105,Box Othello,Games,Board Game,Nilco
3213,NK-21679,Gibo flash card  learn to Alphabet,Games,Board Game,Nilco
3214,NK-21556,Bubble stories,Games,Board Game,Nilco
3215,NK-21501,Taco Hat Cake Gift Pizza,Games,Board Game,Nilco
3216,NK-21488,Shitty Questions,Games,Board Game,Nilco
3217,NK-21457,I am a banana,Games,Board Game,Nilco
3218,NK-21433,12 Gangsters,Games,Board Game,Nilco
3219,NK-21419,Shut Up,Games,Board Game,Nilco
3220,NK-21396,El koz,Games,Board Game,Nilco
3221,NK-21372,Sea Ghosts,Games,Board Game,Nilco
3222,NK-21334,learn the body parts,Education & Learning,Puzzle,Nilco
3223,NK-21310,head to tail,Games,Board Game,Nilco
3224,NK-21259,Identical Travel,Games,Board Game,Nilco
3225,NK-21242,High Five Original Travel,Games,Board Game,Nilco
3226,NK-21235,High Five Educational Travel,Games,Board Game,Nilco
3227,NK-21228,High Five Cartoon Travel,Games,Board Game,Nilco
3228,NK-21181,Kimmitt English,Games,Board Game,Nilco
3229,NK-21150,Tago Travel,Games,Board Game,Nilco
3230,NK-21143,Plastic Box The Heist,Games,Board Game,Nilco
3231,NK-21136,Ghost Secret,Games,Board Game,Nilco
3232,NK-21112,Carnaval,Games,Board Game,Nilco
3233,NK-21099,Crazy Talk Mouth Piece 10,Games,Board Game,Nilco
3234,NK-21082,Rummikub Travel,Games,Board Game,Nilco
3235,NK-21075,Rummikub,Games,Board Game,Nilco
3236,NK-21068,Bedoon Kalaam Magnetic,Games,Board Game,Nilco
3237,NK-21051,Wild Jack,Games,Board Game,Nilco
3238,NK-21044,Oula,Games,Board Game,Nilco
3239,NK-21037,Palstic Box Bank El-Haz Deal,Games,Board Game,Nilco
3240,NK-21020,Snakes And Ladders XO,Games,Board Game,Nilco
3241,NK-20986,Dr Eureka,Games,Board Game,Nilco
3242,NK-20979,Dice Academy,Games,Board Game,Nilco
3243,NK-20955,Go Go Gelato,Games,Board Game,Nilco
3244,NK-20948,Fast Flip,Games,Board Game,Nilco
3245,NK-20931,Pengoloo,Games,Board Game,Nilco
3246,NK-20924,Cubeez,Games,Board Game,Nilco
3247,NK-20917,Quizoo,Games,Board Game,Nilco
3248,NK-20900,Copy or Not Copy,Games,Board Game,Nilco
3249,NK-20894,Cherlock Express,Games,Board Game,Nilco
3250,NK-20887,Valentine''''''''''''''''s Day,Games,Board Game,Nilco
3251,NK-20870,Ludo XO,Games,Board Game,Nilco
3252,NK-20856,Mafia,Games,Board Game,Nilco
3253,NK-20849,Plastic Box - Who Did It,Games,Board Game,Nilco
3254,NK-20832,Plastic Box - Taco,Games,Board Game,Nilco
3255,NK-20818,Bank El-Hazz,Games,Board Game,Nilco
3256,NK-20801,High Five Original,Games,Board Game,Nilco
3257,NK-20795,High Five Cartoon,Games,Board Game,Nilco
3258,NK-20788,High Five Ediucational,Games,Board Game,Nilco
3259,NK-20771,Tin Box High Five Black,Games,Board Game,Nilco
3260,NK-20764,Bedoon Kalaam Travel,Games,Board Game,Nilco
3261,NK-20726,Tottery Tower,Games,Board Game,Nilco
3262,NK-20719,Cylinder Gold Tottery Tower,Games,Board Game,Nilco
3263,NK-20702,Tottery Tower Classic,Games,Board Game,Nilco
3264,NK-20696,Cylinder Sequence,Games,Board Game,Nilco
3265,NK-20689,Cylinder Twist and Turn,Games,Board Game,Nilco
3266,NK-20672,Cylinder Tottery Tower,Games,Board Game,Nilco
3267,NK-20665,Cylinder Ludo Snakes&Ladders,Games,Board Game,Nilco
3268,NK-20641,Playing Cards,Games,Card Game,Nilco
3269,NK-20634,Playing Cards 2x1,Games,Card Game,Nilco
3270,NK-20627,Deal Masrawy Travel,Games,Board Game,Nilco
3271,NK-20610,Phase 10 Travel,Games,Card Game,Nilco
3272,NK-20603,Deal Millionaire Travel,Games,Board Game,Nilco
3273,NK-20597,Deal Travel,Games,Board Game,Nilco
3274,NK-20580,Identical Cards,Games,Board Game,Nilco
3275,NK-20573,Plastic Box Golden Playing Cards,Games,Card Game,Nilco
3276,NK-20559,Plastic Box- Egytopoly,Games,Board Game,Nilco
3277,NK-20542,Plastic Box- Phase 10,Games,Card Game,Nilco
3278,NK-20535,Ocean Traps,Games,Board Game,Nilco
3279,NK-20528,Plastic Box Deal Millionaire,Games,Board Game,Nilco
3280,NK-20511,Plastic Box Deal Masrawy,Games,Board Game,Nilco
3281,NK-20504,Pack Rat,Games,Board Game,Nilco
3282,NK-20498,T.A.Go plastic box,Games,Board Game,Nilco
3283,NK-20474,Plastic Box Twist and Turn,Games,Board Game,Nilco
3284,NK-20467,Plastic Box - Sketchure,Games,Board Game,Nilco
3285,NK-20429,Woody Puzzle Traffics,Education & Learning,Puzzle,Nilco
3286,NK-20412,Learning The Shapes,Education & Learning,Puzzle,Nilco
3287,NK-20405,Learning Multiplication,Education & Learning,Puzzle,Nilco
3288,NK-20399,Learning Words (EN-FR),Education & Learning,Puzzle,Nilco
3289,NK-20382,Learning Phonics,Education & Learning,Puzzle,Nilco
3290,NK-20375,Learning Time,Education & Learning,Puzzle,Nilco
3291,NK-20368,Learning Pattern Memory,Education & Learning,Puzzle,Nilco
3292,NK-20351,Learning Rhyming Words,Education & Learning,Puzzle,Nilco
3293,NK-20337,Learning The Alphabet,Education & Learning,Puzzle,Nilco
3294,NK-20320,Learning What Goes Together,Education & Learning,Puzzle,Nilco
3295,NK-20313,Learning To Classify,Education & Learning,Puzzle,Nilco
3296,NK-20306,Learning To Count,Education & Learning,Puzzle,Nilco
3297,NK-20290,Learning Simple Sums,Education & Learning,Puzzle,Nilco
3298,NK-20283,Learning Animals Shadow,Education & Learning,Puzzle,Nilco
3299,NK-20276,Learning The Opposites,Education & Learning,Puzzle,Nilco
3300,NK-20238,Original Bank El-Hazz,Games,Board Game,Nilco
3301,NK-20214,Box Twist and Turn,Games,Board Game,Nilco
3302,NK-20207,Crazy talk English,Games,Board Game,Nilco
3303,NK-20191,Crazy Talk Arabic,Games,Board Game,Nilco
3304,NK-20184,Mini Four In a Row,Games,Board Game,Nilco
3305,NK-20177,Four In a Row,Games,Board Game,Nilco
3306,NK-20122,Ludo - Snakes&Ladders Jungle,Games,Board Game,Nilco
3307,NK-20115,Giant Snakes And Ladders,Games,Board Game,Nilco
3308,NK-20108,Giant Ludo,Games,Board Game,Nilco
3309,NK-20092,Dots & Lines,Games,Board Game,Nilco
3310,NK-20085,Sketchure English,Games,Board Game,Nilco
3311,NK-20078,Sketchure Arabic,Games,Board Game,Nilco
3312,NK-20061,Cross Words English,Games,Board Game,Nilco
3313,NK-20054,Cross Words Arabic,Games,Board Game,Nilco
3314,NK-20047,The Heist,Games,Board Game,Nilco
3315,NK-20030,Egytopoly Arabic,Games,Board Game,Nilco
3316,NK-20023,Egytopoly English,Games,Board Game,Nilco
3317,NK-1365,sequence classic,Games,Board Game,Nilco
3318,NB-942U,New Bright 1:16 Forza Corvette C8 / Challenger,Vehicle - Parking & Robots,Car,New Bright
3319,NB-61443U,New Bright 1:14 Forza Funco F9 Buggy,Vehicle - Parking & Robots,Car,New Bright
3320,NB-2483,New Bright 1:24 Forza Bugatti / Mustang,Vehicle - Parking & Robots,Car,New Bright
3321,NB-21848U,New Bright 1:18 Heavy Metal Gladiator,Vehicle - Parking & Robots,Car,New Bright
3322,NB-1559,New Bright 1:15 Mega Muscle,Vehicle - Parking & Robots,Car,New Bright
3323,NB-11642,New Bright FW Heaby Metal Playset with Trailer,Vehicle - Parking & Robots,Car,New Bright
3325,MTR-4438,Make It Real - Juicy Couture Glamour Stacks,Fashion,Accessories,Juicy Couture
3326,MTR-4433,Make It Real - Juicy Couture Mini Crystal Sunshine Bracelets,Fashion,Accessories,Juicy Couture
3327,MTR-4432,Make It Real - Juicy Couture Mini Pink And Precious Bracelets,Fashion,Accessories,Juicy Couture
3328,MTR-4431,Make It Real - Juicy Couture Mini Chains And Charms,Fashion,Accessories,Juicy Couture
3329,MTR-4415,Make It Real - Juicy Couture Trendy Tassels Jewelry,Fashion,Accessories,Juicy Couture
3330,MTR-4414,Make It Real - Juicy Couture Absolutely Charming Bracelets,Fashion,Accessories,Juicy Couture
3331,MTR-4413,Make It Real - Juicy Couture Perfectly Pink Bracelets,Fashion,Accessories,Juicy Couture
3332,MTR-4412,Make It Real - Juicy Couture Love Letters Bracelets,Fashion,Accessories,Juicy Couture
3333,MTR-4404,Make It Real - Juicy Couture Chains & Charms,Fashion,Accessories,Juicy Couture
3334,MTR-1728,Make It Real Sweet Treats DIY Bracelet Kit,Fashion,Accessories,Make It Real
3335,MTR-1724,Make It Real Crystal Dreams Nature''''S Song,Fashion,Accessories,Make It Real
3336,MTR-1722,Make It Real Halo Charms Bracelets Think Pink,Fashion,Accessories,Make It Real
3337,MTR-1721,Make It Real Halo Charms Bracelets True Blue,Fashion,Accessories,Make It Real
3338,MTR-1515,Make It Real Mega Jewelry Studio,Fashion,Accessories,Make It Real
3339,MTR-1323,Make It Real Butterfly Jewelry Set,Fashion,Accessories,Make It Real
3340,MTR-1322,Make It Real Celestial Stones DIY Bracelets,Fashion,Accessories,Make It Real
3341,MTR-1317,Make It Real Summer Vibes Heishi Bead Set,Fashion,Accessories,Make It Real
3342,MTR-1211,Make It Real Positive Gems Jewelry,Fashion,Accessories,Make It Real
3343,MTR-1207,Make It Real Gold Link Suede Bracelets,Fashion,Accessories,Make It Real
3344,MTR-1206,Make It Real Rainbow Bling Bracelets,Fashion,Accessories,Make It Real
3345,MTR-1205,Make It Real Block & Rock Charm Bracelets,Fashion,Accessories,Make It Real
3346,MTR-1204,Make It Real Rainbow Dream Jewellery,Fashion,Accessories,Make It Real
3347,MTR-1202,Make It Real Bedazzled! Charm Bracelets Blooming Creativity,Fashion,Accessories,Make It Real
3353,MGA-586753,MGA’s Dream Ella Extra Iconic Mini Doll- DreamElla,Dolls & Accessories,Fashion Doll,Dream Ella
3354,MGA-586517,MGA’s Dream Ella Extra Iconic Doll- DreamElla,Dolls & Accessories,Fashion Doll,Dream Ella
3355,MGA-586135,LOL Surprise OMG Roller Chick Fashion Doll Series,Dolls & Accessories,Fashion Doll,L.O.L. Surprise
3356,MGA-586111,LOL Surprise OMG Candylicious Fashion Doll,Dolls & Accessories,Fashion Doll,L.O.L. Surprise
3357,MGA-586050,L.O.L. Surprise Fashion Show House,Dolls & Accessories,Doll House & Play set,L.O.L. Surprise
3358,MGA-585404,Mermaze Mermaidz W Theme Doll- NE,Dolls & Accessories,Fashion Doll,Mermaze Mermaidz
3359,MGA-585398,Mermaze Mermaidz W Theme Doll- HA,Dolls & Accessories,Fashion Doll,Mermaze Mermaidz
3360,MGA-585343C3,L.O.L. Surprise Glitter Color Change Pearl Surpris,Surprise,Ball,L.O.L. Surprise
3361,MGA-585275,L.O.L. Surprise 707 OMG Dolls - Lady Diva,Dolls & Accessories,Fashion Doll,L.O.L. Surprise
3362,MGA-585268,L.O.L. Surprise 707 OMG Dolls - Neonlicious,Dolls & Accessories,Fashion Doll,L.O.L. Surprise
3363,MGA-585244,Mga L.O.L. Surprise 707 Omg Dolls - Swag,Dolls & Accessories,Fashion Doll,L.O.L. Surprise
3364,MGA-584292,L.O.L. Surprise OMG Fashion Show Hair Edition - Twist Queen,Dolls & Accessories,Fashion Doll,L.O.L. Surprise
3365,MGA-584230,L.O.L. Surprise OMG Sports Doll S3- Sparkle Star,Dolls & Accessories,Fashion Doll,L.O.L. Surprise
3366,MGA-584209,L.O.L. Surprise All Star Sports S7 in PDQ,Surprise,Ball,L.O.L. Surprise
3367,MGA-584087,LOL Surprise Tween Series 3 Fashion Doll,Dolls & Accessories,Fashion Doll,L.O.L. Surprise
3368,MGA-584070,LOL Surprise Tweens Series 3 Emma Emo Fashion Doll,Dolls & Accessories,Fashion Doll,L.O.L. Surprise
3369,MGA-583943,Mga L.O.L. Surprise Mini Family Asst S2 In Cdu,Surprise,Ball,L.O.L. Surprise
3370,MGA-583929,Mga L.O.L. Surprise Mini S2 In Cdu,Surprise,Ball,L.O.L. Surprise
3371,MGA-583769-4,L.O.L. Surprise HOS Furniture Playset with Doll S2 Asst in PDQ,Dolls & Accessories,Doll House & Play set,L.O.L. Surprise
3372,MGA-583769-3,L.O.L. Surprise HOS Furniture Playset with Doll S2 Asst in PDQ,Dolls & Accessories,Doll House & Play set,L.O.L. Surprise
3373,MGA-583769-2,L.O.L. Surprise HOS Furniture Playset with Doll S2 Asst in PDQ,Dolls & Accessories,Doll House & Play set,L.O.L. Surprise
3374,MGA-583769-1,L.O.L. Surprise HOS Furniture Playset with Doll S2 Asst in PDQ,Dolls & Accessories,Doll House & Play set,L.O.L. Surprise
3375,MGA-583585,Rainbow High Shadow High Doll- TI,Dolls & Accessories,Fashion Doll,Rainbow High
3376,MGA-582748EUC,Rainbow Vision Shadow High Neon Shadow-Mara Pinket,Dolls & Accessories,Fashion Doll,Rainbow High
3377,MGA-582717,Rainbow Vision Rainbow High Rainbow Divas- Meline,Dolls & Accessories,Fashion Doll,Rainbow High
3378,MGA-582700,Rainbow Vision Rainbow High Rainbow Divas- Sabrina,Dolls & Accessories,Fashion Doll,Rainbow High
3379,MGA-582397-S2,MGA''s Dream Ella Color Change Surprise Fairies Doll Series 2- DreamElla (Teal) PDQ,Surprise,Box,Dream Ella
3380,MGA-582380-S2,MGA''s Dream Ella Color Change Surprise Fairies Doll Series 2- Aria (Purple) PDQ,Surprise,Box,Dream Ella
3381,MGA-581871,MGA''s Dream Ella Stardust Convertible (Pink),Dolls & Accessories,Doll Accessories,Dream Ella
3382,MGA-581857,MGA’s L.O.L. Surprise OMG Core Series 6 Sketches,Dolls & Accessories,Fashion Doll,L.O.L. Surprise
3383,MGA-581642-4,L.O.L. Surprise Furniture Playset with Doll SNACK,Dolls & Accessories,Doll House & Play set,L.O.L. Surprise
3384,MGA-581642-3,L.O.L. Surprise Furniture Playset with Doll DAYBED,Dolls & Accessories,Doll House & Play set,L.O.L. Surprise
3385,MGA-581642-2,L.O.L. Surprise Furniture Playset with Doll HOT TU,Dolls & Accessories,Doll House & Play set,L.O.L. Surprise
3386,MGA-581642-1,L.O.L. Surprise Furniture Playset with Doll LIL AR,Dolls & Accessories,Doll House & Play set,L.O.L. Surprise
3387,MGA-581352,Mga Mermaze Mermaidz Core Fashion Doll S1- Kishiko,Dolls & Accessories,Fashion Doll,Mermaze Mermaidz
3388,MGA-581260,L.O.L. Surprise Queens Doll Asst in Sidekick,Surprise,Ball,L.O.L. Surprise
3389,MGA-580935-3,Dream Bella Small Unicorn Pink  in PDQ,Dolls & Accessories,Doll Accessories,Dream Bella
3390,MGA-580935-2,Dream Bella Small Unicorn Purple  in PDQ,Dolls & Accessories,Doll Accessories,Dream Bella
3391,MGA-580935-1,Dream Bella Small Unicorn Blue  in PDQ,Dolls & Accessories,Doll Accessories,Dream Bella
3392,MGA-580843,Mermaze Mermaidz Collector Fashion Doll S1,Dolls & Accessories,Fashion Doll,Mermaze Mermaidz
3393,MGA-580812,Mga Mermaze Mermaidz Core Fashion Doll S1- Riviera,Dolls & Accessories,Fashion Doll,Mermaze Mermaidz
3394,MGA-580805,Mga Mermaze Mermaidz Core Fashion Doll S1- Harmonique,Dolls & Accessories,Fashion Doll,Mermaze Mermaidz
3395,MGA-580782,Mga Rainbow High Top Secret Doll- Gr,Dolls & Accessories,Fashion Doll,Rainbow High
3396,MGA-580775,Mga Rainbow High Kia Hart,Dolls & Accessories,Fashion Doll,Rainbow High
3397,MGA-580768,Mga L.O.L. Surprise Color Change 2-In-1 Me & My Lil Si Cdu,Surprise,Ball,L.O.L. Surprise
3398,MGA-580638,L.O.L. Surprise Color Change 2-in-1 Me & My Doll +,Surprise,Ball,L.O.L. Surprise
3399,MGA-580614,L.O.L. Surprise Color Change 2-in-1 Me & My Doll +,Surprise,Ball,L.O.L. Surprise
3400,MGA-580546,Mga L.O.L. Surprise Omg Core Doll Series- Neonlicious,Dolls & Accessories,Fashion Doll,L.O.L. Surprise
3401,MGA-580539,L.O.L. Surprise OMG Core Doll Series- Lady Diva,Dolls & Accessories,Fashion Doll,L.O.L. Surprise
3402,MGA-580522,L.O.L. Surprise OMG Core Doll Series- Royal B,Dolls & Accessories,Fashion Doll,L.O.L. Surprise
3403,MGA-580515,L.O.L. Surprise OMG Core Doll Series- Swag,Dolls & Accessories,Fashion Doll,L.O.L. Surprise
3404,MGA-580492EUC,LOL Surprise Tweens Babysitting Beach Party™ with,Dolls & Accessories,Fashion Doll,L.O.L. Surprise
3405,MGA-580485,LOL Surprise Tweens Babysitting Sleepover Party,Dolls & Accessories,Fashion Doll,L.O.L. Surprise
3406,MGA-580430-S5,Mga L.O.L. Surprise Omg Trendsetter Fashion Doll,Dolls & Accessories,Fashion Doll,L.O.L. Surprise
3407,MGA-580423-S5,L.O.L. Surprise OMG Skatepark Q.T. Fashion Doll,Dolls & Accessories,Fashion Doll,L.O.L. Surprise
3408,MGA-580348,L.O.L. Surprise Hair Hair Hair Tots,Dolls & Accessories,Doll House & Play set,L.O.L. Surprise
3409,MGA-580027,MGA’s Rainbow High  Junior High Fashion Doll - Violet Willow (Purple),Dolls & Accessories,Fashion Doll,Rainbow High
3410,MGA-580010,RH Junior High Fashion Doll - Skyler Bradshaw (Blu,Dolls & Accessories,Fashion Doll,Rainbow High
3411,MGA-579960,RH Junior High Fashion Doll - Poppy Rowan (Orange),Dolls & Accessories,Fashion Doll,Rainbow High
3412,MGA-579953,RH Junior High Fashion Doll - Ruby Anderson (Red),Dolls & Accessories,Fashion Doll,Rainbow High
3413,MGA-579939,LOL Surprise OMG Queens Splash Beauty Fashion Doll,Dolls & Accessories,Fashion Doll,L.O.L. Surprise
3414,MGA-579922,L.O.L. Surprise OMG Queens - Miss Divine,Dolls & Accessories,Fashion Doll,L.O.L. Surprise
3415,MGA-579915,L.O.L. Surprise OMG Queens  - Prism,Dolls & Accessories,Fashion Doll,L.O.L. Surprise
3416,MGA-579908,L.O.L. Surprise OMG Queens  - Sways,Dolls & Accessories,Fashion Doll,L.O.L. Surprise
3417,MGA-579892,L.O.L. Surprise OMG Queens  - Runway Diva,Dolls & Accessories,Fashion Doll,L.O.L. Surprise
3418,MGA-579830,L.O.L. Surprise Queens Doll Asst in PDQ,Surprise,Ball,L.O.L. Surprise
3419,MGA-579823-S7,L.O.L. Surprise All Star Sports in Sidekick- Baske,Surprise,Ball,L.O.L. Surprise
3420,MGA-579816-S7,Mga L.O.L. Surprise All Star Sports Basketball Asst In Cdu-,Surprise,Ball,L.O.L. Surprise
3421,MGA-579793,L.O.L. Surprise OMG Sports Doll-Kicks Babe,Dolls & Accessories,Fashion Doll,L.O.L. Surprise
3422,MGA-579755,L.O.L. Surprise OMG Birthday Doll - Character 2,Dolls & Accessories,Fashion Doll,L.O.L. Surprise
3423,MGA-579724,Mga L.O.L. Surprise Big Baby Hair Hair Hair Doll - Splash Queen,Dolls & Accessories,Fashion Doll,L.O.L. Surprise
3424,MGA-579717EUC,LOL Surprise Big Baby Hair Hair Hair Large 11” Dol,Dolls & Accessories,Fashion Doll,L.O.L. Surprise
3425,MGA-579632-S1,Mga L.O.L. Surprise Omg Mini Family Asst In Cdu,Surprise,Ball,L.O.L. Surprise
3426,MGA-579618-S1,Mga L.O.L. Surprise Omg Minis In Cdu,Surprise,Ball,L.O.L. Surprise
3427,MGA-579601-S2,L.O.L. Surprise Tweens Doll Series 2 - Lexi Gurl,Dolls & Accessories,Fashion Doll,L.O.L. Surprise
3428,MGA-579588-S2,L.O.L. Surprise Tweens Doll Series 2 - Aya Cherry,Dolls & Accessories,Fashion Doll,L.O.L. Surprise
3429,MGA-579571-S2,MGA’s L.O.L. Surprise Tweens Doll Series 2 - Goldie Twist,Dolls & Accessories,Fashion Doll,L.O.L. Surprise
3430,MGA-578765,Dream Bella Color Change Surprise Little Fairies Doll- DreamBella (Teal),Dolls & Accessories,Pocket Doll,Dream Bella
3431,MGA-578758,Dream Bella Color Change Surprise Little Fairies Doll- Aubrey (Purple),Dolls & Accessories,Pocket Doll,Dream Bella
3432,MGA-578499,MGA’s Rainbow High Secret Journal,Stationery,Note Book,Rainbow High
3433,MGA-578475,MGA’s Rainbow High Color Change Pool & Beach Club Playset,Dolls & Accessories,Doll Accessories,Rainbow High
3434,MGA-578406,Rainbow High Pacific Coast Fashion Doll-Margot De,Dolls & Accessories,Fashion Doll,Rainbow High
3435,MGA-578390,Mga Rainbow High Pacific Coast Fashion Doll- Hali Capr,Dolls & Accessories,Fashion Doll,Rainbow High
3436,MGA-578383,Mga Rainbow High Pacific Coast Fashion Doll- Simone Su,Dolls & Accessories,Fashion Doll,Rainbow High
3437,MGA-578376,Mga Rainbow High Pacific Coast Fashion Doll- Harper Du,Dolls & Accessories,Fashion Doll,Rainbow High
3438,MGA-578352,Rainbow High Pacific Coast Fashion Doll- Bella Par,Dolls & Accessories,Fashion Doll,Rainbow High
3439,MGA-578338-S4,Rainbow High CORE Fashion Doll- VP,Dolls & Accessories,Fashion Doll,Rainbow High
3440,MGA-578314-S4,Rainbow High CORE Fashion Doll- EM,Dolls & Accessories,Fashion Doll,Rainbow High
3441,MGA-578307-S4,Rainbow High CORE Fashion Doll- BC,Dolls & Accessories,Fashion Doll,Rainbow High
3442,MGA-578291-S4,Mga Rainbow High Core Fashion Doll- Bu,Dolls & Accessories,Fashion Doll,Rainbow High
3443,MGA-578116,Dream Ella Stardust Convertible (Purple),Dolls & Accessories,Doll Accessories,Dream Ella
3444,MGA-578024,Dream Ella Color Change Doll- Pink,Dolls & Accessories,Fashion Doll,Dream Ella
3445,MGA-578017,MGA’s Dream Ella Color Change Surprise Fairies - DreamElla teal,Surprise,Box,Dream Ella
3446,MGA-578000,MGA’s Dream Ella Color Change Surprise Fairies - Aria purple,Surprise,Box,Dream Ella
3447,MGA-577928,L.O.L. Surprise OMG Movie Doll- Style 4,Dolls & Accessories,Fashion Doll,L.O.L. Surprise
3448,MGA-577904,L.O.L. Surprise OMG Movie Doll- Style 2,Dolls & Accessories,Fashion Doll,L.O.L. Surprise
3449,MGA-577560,Mga Rainbow High Sh Trunk Show (Ainsley),Dolls & Accessories,Fashion Doll,Rainbow High
3450,MGA-577553,Rainbow High Twins,Dolls & Accessories,Fashion Doll,Rainbow High
3451,MGA-577287,Mga Rainbow High Large Doll,Dolls & Accessories,Fashion Doll,Rainbow High
3452,MGA-577201,Lalaloopsy Littles Doll- Sprinkle Spice Cookie,Dolls & Accessories,Doll,Lalaloopsy
3453,MGA-577188,Lalaloopsy Littles Doll- Trinket Sparkles,Dolls & Accessories,Doll,Lalaloopsy
3454,MGA-577171,Lalaloopsy Littles Doll- Breeze E. Sky,Dolls & Accessories,Doll,Lalaloopsy
3455,MGA-576891,Lalaloopsy Large Doll- Sweetie Candy Ribbon,Dolls & Accessories,Doll,Lalaloopsy
3456,MGA-576884,Lalaloopsy Large Doll- Crumbs Sugar Cookie,Dolls & Accessories,Doll,Lalaloopsy
3457,MGA-576846,Lalaloopsy Large Doll- Storm E. Sky,Dolls & Accessories,Doll,Lalaloopsy
3458,MGA-576600,L.O.L. Surprise Winter Chill Confetti Doll Asst in,Surprise,Tube,L.O.L. Surprise
3459,MGA-576570,L.O.L. Surprise OMG Travel Doll- Character 1,Dolls & Accessories,Fashion Doll,L.O.L. Surprise
3460,MGA-576532,LOL Surprise OMG Movie Magic Studios,Dolls & Accessories,Doll House & Play set,L.O.L. Surprise
3461,MGA-576488,L.O.L. Surprise Movie Magic Doll Asst in Sidekick,Surprise,Ball,L.O.L. Surprise
3462,MGA-576402-S3,L.O.L. Surprise Present Surprise Tots Asst in Side,Surprise,Box,L.O.L. Surprise
3463,MGA-576297,Mga L.O.L. Surprise Mini Shop Playset,Dolls & Accessories,Doll House & Play set,L.O.L. Surprise
3464,MGA-576013,L.O.L. Surprise Travel Tots Asst in Sidekick,Surprise,Ball,L.O.L. Surprise
3465,MGA-575788-S3,Rainbow High Fashion Doll- Orchid Series 3,Dolls & Accessories,Fashion Doll,Rainbow High
3466,MGA-575771-S3,Rainbow High Fashion Doll- Ice Series 3,Dolls & Accessories,Fashion Doll,Rainbow High
3467,MGA-575764-S3,MGA’s Rainbow High Fashion Doll- Mint Series 3,Dolls & Accessories,Fashion Doll,Rainbow High
3468,MGA-575757-S3,Rainbow High Fashion Doll- Marigold Series 3,Dolls & Accessories,Fashion Doll,Rainbow High
3469,MGA-575733-S3,Mga Rainbow High Fashion Doll- Rose Series 3,Dolls & Accessories,Fashion Doll,Rainbow High
3470,MGA-575191-2,Mga Na! Na! Na! Surprise 3-In-1 Sparkle Backpack Bedroom,Surprise,Box,Na! Na! Na! Surprise
3471,MGA-575191-1,Mga Na! Na! Na! Surprise 3-In-1 Sparkle Backpack Bedroom,Surprise,Box,Na! Na! Na! Surprise
3472,MGA-574323,Mga Rainbow High Fashion Closet Trunk Playset,Dolls & Accessories,Doll Accessories,Rainbow High
3473,MGA-574316,MGA’s Rainbow High Car,Dolls & Accessories,Doll Accessories,Rainbow High
3474,MGA-572756-2,L.O.L. Surprise OMG Core Doll Sweets Babe Series 4,Dolls & Accessories,Fashion Doll,L.O.L. Surprise
3475,MGA-572756-1,L.O.L. Surprise OMG Core Doll Spicy Babe Series 4,Dolls & Accessories,Fashion Doll,L.O.L. Surprise
3476,MGA-571452,Mga L.O.L. Surprise Omg Winter Chillcabin,Dolls & Accessories,Doll House & Play set,L.O.L. Surprise
3477,MGA-571322,L.O.L. Surprise Hair Salon,Dolls & Accessories,Doll House & Play set,L.O.L. Surprise
3478,MGA-571049,Rainbow High Fashion Studio,Dolls & Accessories,Fashion Doll,Rainbow High
3479,MGA-569398,L.O.L. Surprise R/C Wheels,Vehicle - Parking & Robots,Car,L.O.L. Surprise
3480,MGA-4322EUC,LOL Surprise OMG Fashion Show Style Edition Larose,Dolls & Accessories,Fashion Doll,L.O.L. Surprise
3481,MGA-423331,Rainbow High Rockstar Carmen Major Fashion Doll,Dolls & Accessories,Fashion Doll,Rainbow High
3482,MGA-423324,Rainbow High Rockstar Vanessa Tempo Fashion Doll,Dolls & Accessories,Fashion Doll,Rainbow High
3483,MGA-423232TY,Rainbow High Rockstar Fashion Doll 2 Complete Outf,Dolls & Accessories,Fashion Doll,Rainbow High
3484,MGA-119289-5,Mga Na! Na! Na! Surprise 2In1 Fashion Doll And Purse Glam Series 2,Surprise,Box,Na! Na! Na! Surprise
3485,MGA-119289-4,Mga Na! Na! Na! Surprise 2In1 Fashion Doll And Purse Glam Series 2,Surprise,Box,Na! Na! Na! Surprise
3486,MGA-119289-3,Mga Na! Na! Na! Surprise 2In1 Fashion Doll And Purse Glam Series 2,Surprise,Box,Na! Na! Na! Surprise
3487,MGA-119289-2,Mga Na! Na! Na! Surprise 2In1 Fashion Doll And Purse Glam Series 2,Surprise,Box,Na! Na! Na! Surprise
3488,MGA-119289-1,Mga Na! Na! Na! Surprise 2In1 Fashion Doll And Purse Glam Series 2,Surprise,Box,Na! Na! Na! Surprise
3489,MGA-119197-4,Mga L.O.L. Surprise 707 Dolls Diva In Cdu,Surprise,Ball,L.O.L. Surprise
3490,MGA-119197-3,Mga L.O.L. Surprise 707 Dolls Neno Q.T. In Cdu,Surprise,Ball,L.O.L. Surprise
3491,MGA-119197-2,Mga L.O.L. Surprise 707 Dolls Qyueen Bee In Cdu,Surprise,Ball,L.O.L. Surprise
3492,MGA-119128,L.O.L. Surprise Loves Mini Sweets Dolls Asst in PDQ,Surprise,Ball,L.O.L. Surprise
3493,MGA-118305,L.O.L. Surprise 3-in-1 Party Cruiser,Dolls & Accessories,Doll Accessories,L.O.L. Surprise
3499,M38-B0974,Girls Dream-Villa 727pcs,Blocks,Lego,Sluban
3500,M38-B0967,FIRE-Fire Fighting Training Center(585pcs),Blocks,Lego,Sluban
3501,M38-B0879,Town-Car Trailer-338Pcs,Blocks,Lego,Sluban
3502,M38-B0810,Construction Set 465Pcs,Blocks,Lego,Sluban
3503,M38-B0806,Town-Mine Wagons 416Pcs,Blocks,Lego,Sluban
3504,M38-B0790,Model bricks-99A MAIN BATTLE TANK 2in1 893pcs,Blocks,Lego,Sluban
3505,M38-B0762,Racing Team-F1 Small Circuit  210Pcs,Blocks,Lego,Sluban
3506,M38-B0760,POLICE-Collection 4INTO1-Display Box,Blocks,Lego,Sluban
3507,M38-B0759D,Town-Car Wash(323Pcs),Blocks,Lego,Sluban
3508,M38-B0759C,Town-Maintenance Shop(340Pcs),Blocks,Lego,Sluban
3509,M38-B0705E,Food Court-Sushi House(320Pcs),Blocks,Lego,Sluban
3510,M38-B0705A,Food Court-Hamburger House(276Pcs),Blocks,Lego,Sluban
3511,M38-B0633B,CAR CLUB-BOBCAT140PCS,Blocks,Lego,Sluban
3512,M38-B0631,Fire Station 612PCS,Blocks,Lego,Sluban
3513,M38-B0630,Fireboat + Oil Tank 429PCS,Blocks,Lego,Sluban
3514,M38-B0629,Fire Waterplan 348PCS,Blocks,Lego,Sluban
3515,M38-B0627,Platform Fire Truck + Fire Helicopter 394PCS,Blocks,Lego,Sluban
3516,M38-B0626,Water-Tank Lorry 343PCS,Blocks,Lego,Sluban
3517,M38-B0622,"4 items assorted,2 PCS per item, 8 PCS in total",Blocks,Lego,Sluban
3518,M38-B0552,Construction-Dumper Truck (384Pcs),Blocks,Lego,Sluban
3519,M38-B0531,New Girls Dream- Youth Hotel 541 Pcs,Blocks,Lego,Sluban
3520,M38-B0367,Aviation-International Airport(678Pcs),Blocks,Lego,Sluban
3521,M38-B0365,Aviation-C Concept Plane(275Pcs),Blocks,Lego,Sluban
3522,M38-B0331,Double-Decker(403Pcs),Blocks,Lego,Sluban
3523,LA-WH1243Z,"Driven - TELEHANDLER, MID-SIZED on platform",Vehicle - Parking & Robots,Car,Driven
3524,LA-VE1062Z,3 Little Trucks Set,Baby,Toddler,Wonder Wheels
3525,LA-VE1052Z,Little Ambulance,Baby,Toddler,Wonder Wheels
3526,LA-VE1043Z,Little Tow Truck,Baby,Toddler,Wonder Wheels
3527,LA-VE1041Z,Little Cement Truck,Baby,Toddler,Wonder Wheels
3528,LA-VE1037Z,MINI VEHICLES SET W/ 6 CARS,Baby,Toddler,Wonder Wheels
3529,LA-VE1022Z,ICE CREAM TRUCK,Baby,Toddler,Wonder Wheels
3530,LA-VE1020Z,CAR CARRIER,Baby,Toddler,Wonder Wheels
3531,LA-VE1019Z,TRACTOR W/ RAKE,Baby,Toddler,Wonder Wheels
3532,LA-VE1018Z,TRACTOR,Baby,Toddler,Wonder Wheels
3533,LA-VE1013Z,4 X 4 YELLOW,Baby,Toddler,Wonder Wheels
3534,LA-VE1010Z,ROADSTER,Baby,Toddler,Wonder Wheels
3535,LA-VE1008Z,FERRY BOAT,Baby,Toddler,Wonder Wheels
3536,LA-VE1005Z,EXCAVATOR TRUCK,Baby,Toddler,Wonder Wheels
3537,LA-VE1001Z,CEMENT TRUCK,Baby,Toddler,Wonder Wheels
3538,LA-ST8366Z,Pucci Pups ZIGZAG PRINT GLAM BAG W/PUG,Plush & Soft Toys,Non Battery,Pucci Pups
3539,LA-ST8365Z,Pucci Pups Gold & Pink Heart Print Glam Bag w/Cocker Spaniel,Plush & Soft Toys,Non Battery,Pucci Pups
3540,LA-ST8357Z,Pucci Pups LEOPARD PLUSH GLAM BAG & PUG,Plush & Soft Toys,Non Battery,Pucci Pups
3541,LA-ST8274Z,Pucci Pups BLUE STRIPE BAG & BEIGE HORSE,Plush & Soft Toys,Non Battery,Pucci Pups
3542,LA-LB1907Z,FLUFFY PLUSH FOX,Plush & Soft Toys,Non Battery,B.Toys
3543,LA-LB1905Z,FLUFFY PLUSH CAT,Plush & Soft Toys,Non Battery,B.Toys
3544,LA-LB1904,FLUFFY PLUSH FROG,Plush & Soft Toys,Non Battery,B.Toys
3545,LA-LB1903Z,FLUFFY PLUSH DOG,Plush & Soft Toys,Non Battery,B.Toys
3546,LA-LB1873Z,LOB COLL CANDY SCENTED PLUSH BONNIE GIRAFFE,Plush & Soft Toys,Non Battery,B.Toys
3547,LA-GG58002Z,"Glitter Girls - 14"" GLITTER HORSE W/ TIARA",Dolls & Accessories,Doll Accessories,Glitter Girls
3548,LA-GG58000Z,Glitter Girls - 14'''''''' FJORD NORWEGIAN HORSE,Dolls & Accessories,Doll Accessories,Glitter Girls
3549,LA-GG51102Z,"Glitter Girls - 14"" Doll Laica, Blonde Hair",Dolls & Accessories,Doll,Glitter Girls
3550,LA-GG51093Z,"Glitter Girls - 14"" Doll w Birthday Accessories, Red Hair, Cicely",Dolls & Accessories,Doll,Glitter Girls
3551,LA-GG51073Z,"Glitter Girls - 14"" Doll w Travel Accessories, Percy",Dolls & Accessories,Doll,Glitter Girls
3552,LA-GG51046Z,"Glitter Girls - 14"" DOLL W/ HORSE, JAIME & JUMPER",Dolls & Accessories,Doll,Glitter Girls
3553,LA-GG51016Z,"Glitter Girls - 14” DOLL SASHKA, BLOND HAIR - SASHKA",Dolls & Accessories,Doll,Glitter Girls
3554,LA-CF2010Z,Craftabelle - FLOWER HAIR ACCESSORIES KIT,Education & Learning,Art & Craft,Craftabelle
3555,LA-BX4502R,B. 26 Alphabet Tiles,Baby,Floor Toys,B.Toys
3556,LA-BX2237Z,B. Stuffed Plush Hippo,Plush & Soft Toys,Non Battery,B.Toys
3557,LA-BX2119Z,"B. Giggly Jigglers, Dog",Plush & Soft Toys,Non Battery,B.Toys
3558,LA-BX2084C12Z,B. Softies Huggable Plush Polar Bear,Plush & Soft Toys,Non Battery,B.Toys
3559,LA-BX2082C12Z,B. Softies Huggable Plush Shark,Plush & Soft Toys,Non Battery,B.Toys
3560,LA-BX2081C12Z,B. Softies Huggable Plush Whale,Plush & Soft Toys,Non Battery,B.Toys
3561,LA-BX2080Z,B. Stuffed Plush Lamb,Plush & Soft Toys,Non Battery,B.Toys
3562,LA-BX2076Z,Rattle Balls,Baby,Toddler,B.Toys
3563,LA-BX2019Z,"Crinkly Cloud, Sensory Baby Toy",Baby,Toddler,B.Toys
3564,LA-BX2018Z,B. Baby Whale Rattle,Baby,Toddler,B.Toys
3565,LA-BX1998Z,B. Turtle with Pegs,Baby,Toddler,B.Toys
3566,LA-BX1995Z,"WHEEEE-LS, PULL-BACK CARS",Baby,Toddler,B.Toys
3567,LA-BX1946Z,B. WHALE ROCKER,Baby,Baby Gear,B.Toys
3568,LA-BX1929Z,PIRATE DIVING SET - TREASURES AHOY!,Baby,Bath Toys,B.Toys
3569,LA-BX1927EZ,B. CLASSIC PLUSH BUNNY - PAPAYA,Plush & Soft Toys,Non Battery,B.Toys
3570,LA-BX1926EZ,B. CLASSIC PLUSH BUNNY - JADE,Plush & Soft Toys,Non Battery,B.Toys
3571,LA-BX1923Z,B. MUSICAL LIGHT-UP BABY TOY,Baby,Toddler,B.Toys
3572,LA-BX1857Z,B. CLASSIC PLUSH DOG – WHITE & GREY,Plush & Soft Toys,Non Battery,B.Toys
3573,LA-BX1825Z,B. CLASSIC PLUSH BUNNY - BEIGE,Plush & Soft Toys,Non Battery,B.Toys
3574,LA-BX1807Z,"MINI MONSTER TRUCKS - Thunder Monster, Monster Tru",Baby,Toddler,B.Toys
3575,LA-BX1787Z,B. CLASSIC PLUSH BUNNY - DARK GREY,Plush & Soft Toys,Non Battery,B.Toys
3576,LA-BX1786Z,B. CLASSIC PLUSH DOG - CREAM & DUSTY BROWN,Plush & Soft Toys,Non Battery,B.Toys
3577,LA-BX1785Z,B. CLASSIC PLUSH BEAR - BROWN,Plush & Soft Toys,Non Battery,B.Toys
3578,LA-BX1784Z,B. CLASSIC PLUSH BUNNY - ICE GREY,Plush & Soft Toys,Non Battery,B.Toys
3579,LA-BX1773Z,SOFT ACCORDION ZEBRA,Baby,Toddler,B.Toys
3580,LA-BX1757Z,RATTLE GALAXY,Baby,Toddler,B.Toys
3581,LA-BX1660Z,ROCKING UNICORN,Baby,Baby Gear,B.Toys
3582,LA-BX1654Z,GLOWABLE SOOTHING TURTLE,Plush & Soft Toys,Non Battery,B.Toys
3583,LA-BX1642Z,ROCKING ZEBRA,Baby,Baby Gear,B.Toys
3584,LA-BX1608Z,SOFT ROLY POLY OWL GLOW,Baby,Toddler,B.Toys
3585,LA-BX1579Z,DRESS ME HIPPO,Plush & Soft Toys,B-O,B.Toys
3586,LA-BX1569Z,PLAYTIME SET,Baby,Toddler,B.Toys
3587,LA-BX1502Z,MIN RETRO VAN,Plush & Soft Toys,Non Battery,B.Toys
3588,LA-BX1496Z,MINI RACE CAR,Plush & Soft Toys,Non Battery,B.Toys
3589,LA-BX1495Z,MINI SCHOOL BUS,Plush & Soft Toys,Non Battery,B.Toys
3590,LA-BX1481Z,ONE TWO SQUEEZE.SOFT BLOCKS,Baby,Toddler,B.Toys
3591,LA-BX1458Z,TEXTURED BALLS - Ball-A-Baloos,Baby,Toddler,B.Toys
3592,LA-BX1446X,"B. DRUM - DRUMROLL, PLEASE",Baby,Toddler,B.Toys
3593,LA-bx1310z,B. WATER WHEEL - Owl About Waterfalls,Baby,Toddler,B.Toys
3594,LA-BX1119C2Z,POPPITOPPY,Baby,Toddler,B.Toys
3595,LA-BX1007Z,"PARUM PUM PUM, DRUM",Baby,Toddler,B.Toys
3596,LA-BT2584Z,DINNER PARTY FOR FOUR 27 pieces,Role Play,Kitchenware Set,Battat
3597,LA-BT2576Z,light&sound,Baby,Toddler,Battat
3598,LA-BT2575Z,light&sound keys,Baby,Toddler,Battat
3599,LA-BD38157Z,Our Generation - CHESTNUT FOAL,Dolls & Accessories,Doll Accessories,Our Generation
3600,LA-BD38146Z,Our Generation - MORGAN HORSE,Dolls & Accessories,Doll Accessories,Our Generation
3601,LA-BD38030Z,Our Generation - HAIR PLAY HORSE,Dolls & Accessories,Doll Accessories,Our Generation
3602,LA-BD38001Z,Our Generation - 20LIIZZANER FOAL,Dolls & Accessories,Doll Accessories,Our Generation
3603,LA-BD37979Z,Our Generation - COMBO WASHER-DRYER & ACCESSORIES,Dolls & Accessories,Doll Accessories,Our Generation
3604,LA-BD37777Z,Our Generation - toy poodle pup,Plush & Soft Toys,Non Battery,Our Generation
3605,LA-BD37776Z,Our Generation - labrador pup,Plush & Soft Toys,Non Battery,Our Generation
3606,LA-BD37774Z,Our Generation - dalmition pup,Plush & Soft Toys,Non Battery,Our Generation
3607,LA-BD37773Z,Our Generation - bulldog pup,Plush & Soft Toys,Non Battery,Our Generation
3608,LA-BD37086Z,Our Generation - GOURMET KITCHEN SET- Red,Dolls & Accessories,Doll Accessories,Our Generation
3609,LA-BD35190Z,"Our Generation - 6"" POSEABLE GOLDENDOODLE PUP - OG Doll Pet, Multi-",Plush & Soft Toys,Non Battery,Our Generation
3610,LA-BD35189Z,"Our Generation - 6"" POSEABLE YORKSHIRE TERRIER PUP",Plush & Soft Toys,Non Battery,Our Generation
3611,LA-BD35188Z,"Our Generation - 6"" POSEABLE POMERANIAN PUPPY",Plush & Soft Toys,Non Battery,Our Generation
3612,LA-BD31399Z,"Our Generation - Doll w/ Pet Dog, Elliot & Australian Shepherd",Plush & Soft Toys,Non Battery,Our Generation
3613,LA-BD31389Z,"Our Generation - Doll w/ Pet Dog, Cadence & Cookie",Dolls & Accessories,Doll,Our Generation
3614,LA-BD31372Z,"Our Generation - Doll w/ Pajama Outfit & Penguin, Serenity, Blonde",Dolls & Accessories,Doll,Our Generation
3615,LA-BD31366,"Our Generation - Tennis Champion Doll - AA, Imene",Dolls & Accessories,Doll,Our Generation
3616,LA-BD31365,"Our Generation - GYMNAST CHAMPION DOLL - AS, SUN_",Dolls & Accessories,Doll,Our Generation
3617,LA-BD31364,"Our Generation - GYMNAST CHAMPION DOLL - AA, NYA",Dolls & Accessories,Doll,Our Generation
3618,LA-BD31358Z,Our Generation - 18-inch Doll & Bow-Themed Fashion Gift Box Set! 15,Dolls & Accessories,Doll,Our Generation
3619,LA-BD31357Z,Our Generation - 18-inch Doll & Starry Fashion Gift Box Set! 15 PIE,Dolls & Accessories,Doll,Our Generation
3620,LA-BD31356Z,"Our Generation - Dlx Swimmer Poseable Doll w/Accy, Maya",Dolls & Accessories,Doll,Our Generation
3621,LA-BD31331Z,"Our Generation - Doll w/ Pink Sweater Dress, Reid, Blonde",Dolls & Accessories,Doll,Our Generation
3622,LA-BD31329Z,"Our Generation - Doll w/Pink Sweater & Skateboard, Yanika",Dolls & Accessories,Doll,Our Generation
3623,LA-BD31328Z,"Our Generation - Boy Doll w/Skateboard, Theodore",Dolls & Accessories,Doll,Our Generation
3624,LA-BD31321Z,"Our Generation - Doll with Pet Dog - Guide Dog, Marlow",Dolls & Accessories,Doll,Our Generation
3625,LA-BD31313Z,"Our Generation - Boy Doll w/ School Crested Polo & Knapsack, Leo",Dolls & Accessories,Doll,Our Generation
3626,LA-BD31310Z,"Our Generation - Doll with Floral Printed Dress & Sunhat, Dahlia",Dolls & Accessories,Doll,Our Generation
3627,LA-BD31308Z,"Our Generation - DOLL W/ JUMPSUIT AND CARRY-ON, OLIVIA",Dolls & Accessories,Doll,Our Generation
3628,LA-BD31301Z,"Our Generation - Doll w/Jean Jacket, Travel Pillow & Pet Dog",Dolls & Accessories,Doll,Our Generation
3629,LA-BD31277Z,"Our Generation - JEWELRY DOLL, JULISSA",Dolls & Accessories,Doll,Our Generation
3630,LA-BD31272Z,"Our Generation - DELUXE DOLL W/ CRUTCHES W/ BOOK, MARTHA",Dolls & Accessories,Doll,Our Generation
3631,LA-BD31264,"Our Generation - PROFESSIONAL DESIGNER DOLL, OLINDA",Dolls & Accessories,Doll,Our Generation
3632,LA-BD31256Z,"Our Generation - BALLET DOLL W/ ORANGE SWEATER, AUBRIE",Dolls & Accessories,Doll,Our Generation
3633,LA-BD31253Z,"Our Generation - DOLL W/ PINK GLITTER DRESS (AA), RIYA",Dolls & Accessories,Doll,Our Generation
3634,LA-BD31251Z,Our Generation - regular boy doll franco,Dolls & Accessories,Doll,Our Generation
3635,LA-BD31250Z,Our Generation - DELUXE DOLL W/ DRESS & RED BOW W/ BOOK – NOELLE,Dolls & Accessories,Doll,Our Generation
3636,LA-BD31243Z,"Our Generation - DOLL W/ PET DOG, CASSIE",Dolls & Accessories,Doll,Our Generation
3637,LA-BD31237Z,"Our Generation - DOLL W/ SPARKLY COLLAR, IVORY",Dolls & Accessories,Doll,Our Generation
3638,LA-BD31201Z,"Our Generation - DOLL W/ PET DOG, LESLIE",Dolls & Accessories,Doll,Our Generation
3639,LA-BD31199Z,Our Generation - doll w plaid evening dress bria,Dolls & Accessories,Doll,Our Generation
3640,LA-BD31192AZ,Our Generation - 18 DELUXE RIDING DOLL W/ BOOK,Dolls & Accessories,Doll,Our Generation
3641,LA-BD31178Z,"Our Generation - DOLL WITH GLITTER TATTOO DECO, ROSALYN",Dolls & Accessories,Doll,Our Generation
3642,LA-BD31143AZ,Our Generation - DELUXE WILLOW DOLL W/BOOK,Dolls & Accessories,Doll,Our Generation
3643,LA-BD31119Z,"Our Generation - FAMILY DOCTOR DOLL, NICOLA",Dolls & Accessories,Doll,Our Generation
3644,LA-BD31099ATZ,Our Generation - 18DELUXE SYDNY LEE DOLL.BOOK,Dolls & Accessories,Doll,Our Generation
3645,LA-BD31076Z,Our Generation - ballet doll with skirt violet anna,Dolls & Accessories,Doll,Our Generation
3646,LA-BD31066T,"Our Generation - DOLL W/ SCHOOL UNIFORM, MAEVA (AA)",Dolls & Accessories,Doll,Our Generation
3647,LA-BD31042A1Z,"Our Generation - DELUXE LAYLA ROCK DOLL & BOOK - Layla and ""A Song",Dolls & Accessories,Doll,Our Generation
3648,LA-BD30471Z,Our Generation - Deluxe Astronomy Outfit,Dolls & Accessories,Doll Accessories,Our Generation
3649,LA-BD30469Z,Our Generation - Pajama Outfit w/Sleeping Mask & Flamingo Slippers,Dolls & Accessories,Doll Accessories,Our Generation
3650,LA-BD30466Z,Our Generation - Math Class Outfit w/Calculator,Dolls & Accessories,Doll Accessories,Our Generation
3651,LA-BD30464Z,Our Generation - Deluxe Boy Plaid Shirt w/Guitar Outfit,Dolls & Accessories,Doll Accessories,Our Generation
3652,LA-BD30460Z,Our Generation - Deluxe Duffle Coat Outfit,Dolls & Accessories,Doll Accessories,Our Generation
3653,LA-BD30438Z,Our Generation - Deluxe Tourist Outfit,Dolls & Accessories,Doll Accessories,Our Generation
3654,LA-BD30385Z,Our Generation - TRAVEL BY TRAIN OUTFIT,Dolls & Accessories,Doll Accessories,Our Generation
3655,LA-BD30337Z,Our Generation - SKATEBOARD OUTFIT,Dolls & Accessories,Doll Accessories,Our Generation
3656,LA-BD30335Z,Our Generation - SWIMSUIT W/ SNORKELING GEAR,Dolls & Accessories,Doll Accessories,Our Generation
3657,LA-BD30314Z,Our Generation - PARKA VEST OUTFIT,Dolls & Accessories,Doll Accessories,Our Generation
3658,LA-BD30267Z,Our Generation - DELUXE RIDING OUTFIT,Dolls & Accessories,Doll Accessories,Our Generation
3659,LA-BD30246Z,Our Generation - DELUXE HEARTPRINT DRESS_,Dolls & Accessories,Doll Accessories,Our Generation
3660,LA-AN6003Z,DINOSAURS IN TUBE  60-Pieces,Animals,Dino,Terra
3661,LA-AN4034Z,CARNOTAURUS SASTREI,Animals,Dino,Terra
3662,LA-AN4027Z,AMARGASAURUS CAZAUI,Animals,Dino,Terra
3663,LA-AN4002Z,Dacentruis Dinosaur,Animals,Dino,Terra
3664,LA-AN2845Z,RC SPIDER (BLUE)  Infrared Remote Control,Animals,Jungle,Terra
3665,LA-AN2842Z,RC SPIDER (RED)  Infrared Remote Control,Animals,Jungle,Terra
3666,LA-an2810z,"FARM ANIMALS (SHEEP, BULL & HORSE)",Animals,Farm,Terra
3667,LA-an2809z,"JUNGLE ANIMALS (ZEBRA, ELEPHANT & CHEETAH)",Animals,Jungle,Terra
3668,LA-AN2802Z,TERRA COUNTRY WORLD  60-Pieces,Animals,Jungle,Terra
3669,LA-AN2777Z,DOG FAMILY,Animals,Jungle,Terra
3670,LA-AN2775Z,tiger family,Animals,Jungle,Terra
3671,LA-AN2770Z,TERRA JUNGLE WORLD  60-Pieces,Animals,Jungle,Terra
3672,LA-AN2733Z,DOGS IN HOUSE & HYDRANT - Firehouse Dogs,Animals,Jungle,Terra
3673,LA-AN2732Z,BROWN BEAR FAMILY,Animals,Jungle,Terra
3674,LA-AN2730,LION FAMILY,Animals,Jungle,Terra
3675,LA-an2729z,GORILLA FAMILY,Animals,Jungle,Terra
3676,LA-AN2705Z,BISON,Animals,Jungle,Terra
3677,LA-AN2695Z,HIGHLAND COW,Animals,Farm,Terra
3678,LA-61822,1:18 RC CHARGERS FULL FUNCTION TRUCK ASST& FORD &,Vehicle - Parking & Robots,Car,New Bright
3679,LA-61640UZ,1:16 RC FULL FUNCTION CROC ZILLA,Vehicle - Parking & Robots,Car,New Bright
3680,LA-560-5,REMOT CONTROL FULL FUNCTION MEGA DUMP TRUCK,Vehicle - Parking & Robots,Car,New Bright
3681,LA-3073Z,Bristle Blocks SAFARI ADVENTURE CARRYING™ 85PCS,Education & Learning,Meccano Junior,Bristle Blocks
3682,LA-3072Z,Bristle Blocks - 113  PCS  IN CASE - DELUXE BUILDER C,Education & Learning,Meccano Junior,Bristle Blocks
3683,LA-3071Z,Bristle Blocks - BIG VALUE CASE™ 85PCS,Education & Learning,Meccano Junior,Bristle Blocks
3684,LA-2450,1:24RC F-F MONSTER TRUCK HOT WHEELS & TIGER SHARK,Vehicle - Parking & Robots,Car,New Bright
3685,LA-1423L,1:14 RC FULL FUNCTION JEEP TRAILCAT WITH LIGHT,Vehicle - Parking & Robots,Car,New Bright
3713,JP-87617,Just Play Disney Princess Basic Rapunzel Styling Head,Dolls & Accessories,Doll,Disney
3714,JP-87616,Disney Princess Basic Ariel Styling Head,Dolls & Accessories,Doll,Disney
3715,JP-87379,Disney Princess Basic Belle Styling Head,Dolls & Accessories,Doll,Disney
3716,JP-87362,Just Play Disney Princess Deluxe Rapunzel Styling Head,Dolls & Accessories,Doll,Disney
3717,JP-44702,Disney Doorables Stitch Collector Pack,Surprise,Box,Disney Doorables
3718,JP-44563,Disney Doorables Multi Peek Series 8,Surprise,Box,Disney
3719,JP-44562,Disney Doorables Mini Peek Series 8,Surprise,Box,Disney
3720,JP-44544,Disney Doorables Pixar Fest Collector Pack,Surprise,Box,Disney Doorables
3721,JP-38769,Mickey Mouse 5 Pack Figures,Action Figure,Figures,Mickey & Minnie
3722,JP-38755,Mickey Figure & Vehicle Asst.,Vehicle - Parking & Robots,Car,Mickey & Minnie
3723,JP-38742,Mickey Mouse Firehouse Playset,Dolls & Accessories,Doll House & Play set,Mickey & Minnie
3724,JP-38681,Mickey Mouse Funhouse Cash Register,Role Play,cashier Set,Mickey & Minnie
3725,JP-38550,Mickey Mouse Fire Engine ( Same As JP-38551 ),Vehicle - Parking & Robots,Car,Mickey & Minnie
3726,JP-38121,Mickey Mouse Adventure Figure Asst.,Action Figure,Figures,Mickey & Minnie
3727,JP-32811,Disney Frozen 2 Basic Anna Styling Head,Dolls & Accessories,Doll,Disney
3728,JP-32806,Disney Frozen 2 Basic Elsa Styling Head,Dolls & Accessories,Doll,Disney
3729,JP-32801,Disney Frozen 2 Deluxe Anna Styling Head,Dolls & Accessories,Doll,Disney
3730,JP-32796,Just Play Disney Frozen 2 Deluxe Elsa Styling Head,Dolls & Accessories,Doll,Disney
3971,HK-0151,Bingo Dough 3D assorted Box – Cookie Maker TOM&JER,Clay,Dough,Bingo Dough
3972,HK-0150,Bingo Dough 3D assorted Box - Burger Maker TOM&JER,Clay,Dough,Bingo Dough
4016,HK-0029,Bingo Water Gun Adult Size 11 Meter,Season,Summer,Bingo Summer
4017,HK-0028,BINGO  Water Gun Wings 3 Out 11 Meter,Season,Summer,Bingo Summer
4022,FS-5053307057852,Topps UEFA Champions League 2022/2023,Games,Card Game,Match Attax
4023,FS0003686,Topps Match Attax 2022/2023 - Mega Tin (Assorted)Stand (6 pieces),Games,Card Game,Match Attax
4024,FS0003667,Topps Match Attax 2022/2023 - Mini Tin Stand (12 pieces),Games,Card Game,Match Attax
4025,FS0003624,Topps Match Attax 2022/2023 - Multi Pack,Games,Card Game,Match Attax
4026,FS0003609,Topps Match Attax 2022/2023 -game packs,Games,Card Game,Match Attax
4027,FS0003594,Topps Match Attax 2022/2023 - Starter Pack,Games,Card Game,Match Attax
4028,FS0003570,Topps Match Attax 2022/2023 - Single Pack  Stand (36 pieces),Games,Card Game,Match Attax
4076,E92 BP-6,Energizer Remote Card 4+2 AAA Promo,Add-ons,Battery,Energizer
4077,E92 BP-2,Energizer Card 2  AAA,Add-ons,Battery,Energizer
4078,E91 BP6,Energizer Card 4+2  AA Promo,Add-ons,Battery,Energizer
4079,E91 BP-2,Energizer Card 2  AA Promo,Add-ons,Battery,Energizer
4080,DOH-SH-5284,Bingo Dough Can 56gm - Black,Clay,Dough,Bingo Dough
4081,DOH-SH-5283,Bingo Dough Can 56gm - Brown,Clay,Dough,Bingo Dough
4082,DOH-SH-5282,Bingo Dough Can 56gm - White,Clay,Dough,Bingo Dough
4083,DOH-SH-5281,Bingo Dough Can 56gm - Green,Clay,Dough,Bingo Dough
4084,DOH-SH-5280,Bingo Dough Can 56gm - Yellow,Clay,Dough,Bingo Dough
4085,DOH-SH-5279,Bingo Dough Can 56gm - Orange,Clay,Dough,Bingo Dough
4086,DOH-SH-5278,Bingo Dough Can 56gm - Blue,Clay,Dough,Bingo Dough
4087,DOH-SH-5277,Bingo Dough Can 56gm - Red,Clay,Dough,Bingo Dough
4088,DOH-SH-5276,Bingo Dough Can 56gm - Purple,Clay,Dough,Bingo Dough
4089,DOH-SH-5275,Bingo Dough Can 56gm - Pink,Clay,Dough,Bingo Dough
4090,DOH-SH-3664,Bingo Dough 10 Mini Can,Clay,Dough,Bingo Dough
4091,DOH-SH-3663,Bingo Dough 5 Mini Can Style 2,Clay,Dough,Bingo Dough
4092,DOH-SH-3662,Bingo Dough 5 Mini Can Style 1,Clay,Dough,Bingo Dough
4199,AY-30022014,Astra Bonbon Fruit Flavor 4 gm (Pack 23 Pieces) 30022014,F&B,Food,ASTRA
4200,AY-30022012,Astra Bonbon Jar Natural Fruit Flavor 4gm (Pack 100 Pieces) 30022012,F&B,Food,ASTRA
4201,AY-30022009,Astra Fruit Natural Fruit Flavor (Apple & Cherry) 26 gm (Pack 50 Pieces)30022009,F&B,Food,ASTRA
4202,AY-30022008,Astra Natural Fruit Flavor  Lollipop 10 gm (Pack 100 Pieces) 30022008,F&B,Food,ASTRA
4203,AY-20482017,Fun Day Kono Hazelnut Strawberry Cream 30 gm (Stand 24 Pieces) 20482017,F&B,Food,BOBOO
4204,AY-20482011,Fun & Go Peanut Cream 35 gm (Pack 12 Pieces) 20482011,F&B,Food,SNACK & GO
4205,AY-20482010,Bo & Jo Hazelnut Cream With Strawberry Cream 33 gm (Stand 12 Pieces) 20482010,F&B,Food,BOBOO
4206,AY-20482008,Bobo Sticks 23 gm biscuit sticks covered with strawberries (pack 12 pieces) 20482008,F&B,Food,BOBOO
4207,AY-20482006,Bobo Snack In Go 33 gm Strawberry Cream With Bread Sticks (Stand 12 Pieces) 20482006,F&B,Food,BOBOO
4208,AY-20482005,Fun Day Snack & Go 40 gm with hazelnut cream and cocoa with bread sticks (stand 12 pieces) 20482003,F&B,Food,SNACK & GO
4209,AY-20482003,Fun Day Snack & Go 40 gm with hazelnut cream and cocoa with bread sticks (stand 12 pieces) 20482003,F&B,Food,SNACK & GO
4210,AY-20452041,Fun Day Sticks Pizza Biscuits 40 gm (Pack 12 Pieces) 20452041,F&B,Food,Sticks
4211,AY-20352068,Popcorn chili and lemon family from 45 gm to 40 gm (pack 12 pieces) 20352068,F&B,Food,POP CORN
4212,AY-20352067,Family pizza popcorn from 45 gm to 40 gm (pack 12 pieces)20352067,F&B,Food,POP CORN
4213,AY-20352066,Family salt popcorn from 45 gm to 40 gm (pack 12 pieces) 20352066,F&B,Food,POP CORN
4214,AY-20352052,Fun Day Hop Biscuits With Butter 40 gm (Stand 12 Pieces) 20352052,F&B,Food,CRACKERS
4215,AY-20352048,Fun Day Crackers Biscuits With Gene 40 gm (Pack 12 Pieces) 20352048,F&B,Food,CRACKERS
4216,AY-20352045,Fun Day Cracks Salt Biscuits 40 gm (Pack 12 Pieces) 20352045,F&B,Food,CRACKERS
4217,AY-20352044,Fun Day Fish Crack Biscuits 40 gm (Pack 12 Pieces) 20352044,F&B,Food,CRACKERS
4218,AY-20352043,Fun Day Olive Sticks Biscuits 40 gm (Pack 12 Pieces) 20352043,F&B,Food,Sticks
4219,AY-20352042,Fun Day Sticks Cheese Biscuits 40 gm (Pack 12 Pieces) 20352042,F&B,Food,Sticks
4220,AY-20352040,Fun Day Corn Popcorn Chocolate 60 gm (Pack 12 Pieces) 20352040,F&B,Food,POP CORN
4221,AY-20352038,Fun Day Cake Muffin Vanilla flavor and chocolate pieces from 64 g to 58 g (stand 20 pieces) 20352038,F&B,Food,CUP CAKE
4222,AY-20352032,Fun Day Sticks Biscuits With Salt 40 gm (Pack 12 Pieces) 20352032,F&B,Food,Sticks
4223,AY-20352031,Fun Day Corn Popcorn Toffee Chocolate 60 gm (Pack 12 Pieces) 20352031,F&B,Food,POP CORN
4224,AY-20352030,Fun Day Corn Fruit Popcorn 60 gm (Pack 12 Pieces) 20352030,F&B,Food,POP CORN
4225,AY-20352029,Fun Day Corn Popcorn Caramel 60 gm (Pack 12 Pieces) 20352029,F&B,Food,POP CORN
4226,AY-20352028,Fun Day Red Strawberry Velvet From 64 gm To 58 gm (Stand 20 Pieces) 20352028,F&B,Food,CUP CAKE
4227,AY-20352027,Fun Day Muffin cake with vanilla and dried fruits from 64 gm to 58 gm (stand 20 pieces)20352027,F&B,Food,CUP CAKE
4228,AY-20352026,Fun Day Muffin Cake With Chocolate From 64 gm To 58 gm (Stand 20 Pieces) 20352026,F&B,Food,CUP CAKE
4229,AY-20352019,Fun Day Bobo Cake slices Marble 50 gm (Stand 12 Pieces)20352019,F&B,Food,Slice CAKE
4230,AY-20352018,Fun Day Bobo Fruit slices Cake 50 gm (Stand 12 Pieces) 20352018,F&B,Food,Slice CAKE
4231,AY-20352017,Fun Day Cake slices 50 gm (Pack 12 Pieces) 20352017,F&B,Food,Slice CAKE
4232,AY-20352015,Fun Day Bobo Chocolate From 32 gm To 30 gm (Stand 12 Pieces) 20352015,F&B,Food,BOBOO
4233,AY-20352014,Fun Day Bobo Milk Cream from 32 gm to 30 gm (stand 12 pieces) 20352014,F&B,Food,BOBOO
4234,AY-20352013,Fun Day Bobo Strawberry From 32 gm to 30 gm (Stand 12 Pieces) 20352013,F&B,Food,BOBOO
4235,AY-20022011,Astra Fruit Natural Fruit Flavor (Orange & Lemon) 26 gm (Pack 50 Pieces) 20022011,F&B,Food,ASTRA
4236,AT-8665sq1,Zuru - ZURU Oosh Pop Cotton Candy Color MIX Cotton Candy Make Surprise Color,Clay,Sand,OOSH
4237,AT-7132,Zuru Robo Alive Dino Wars - T-Rex,Animals,Dino,Robo Alive
4238,AT-7126,Zuru - Robo Fish Robotic Swimming  Fish Tank Playset - Color Change,Animals,Sea Animals,Robo Fish
4239,AT-6708,Zuru - Metal Machines,Vehicle - Parking & Robots,Car,Metal Machines
4240,AT-6061495,Spin Master - PAW Patrol Chase/Skye Interactive Movie Mission Pup 6-inch Action Figure with Sounds,Action Figure,Figures,Spin Master
4241,AT-6061061,Spin Master - Paw patrol stand 8Pcs,Plush & Soft Toys,Non Battery,Spin Master
4242,AT-6060361,Spin Master - Paw Patrol Movie Pups Gift Pack 6PK,Action Figure,Set,Spin Master
4243,AT-6059297,Spin Master - Paw Patrol Chase Playset T-Rex True Metalt Dino Rescue Vehicule Paw Patrol,Action Figure,Set,Spin Master
4244,AT-6057491,Spin Master - Marvel Avangers puzzle 48PCS,Education & Learning,Puzzle,Spin Master
4245,AT-6057488,Spin Master - Disney Frozen Puzzle 48PCS,Education & Learning,Puzzle,Spin Master
4246,AT-6057486,Spin Master - Disney Mickey puzzle 48PCS,Education & Learning,Puzzle,Spin Master
4247,AT-6057485,Spin Master - Disney Minnie puzzle 48PCS,Education & Learning,Puzzle,Spin Master
4248,AT-6055933,Spin Master -Paw Patrol Chase True Metal MighTY Meteor Die-cast Track Set,Action Figure,Set,Spin Master
4249,AT-6044941,Spin Master - Monster Jam Die Cast 1:64,Vehicle - Parking & Robots,Car,Monster Jam
